title,link,kind,isfeature
Godzilla x Kong: Đế Chế Mới,https://ohitv.net/phim-le/godzilla-x-kong-de-che-moi/,phim chieu rap,Yes
Anh Hùng Bàn Phím,https://ohitv.net/phim-le/anh-hung-ban-phim/,phim chieu rap,No
Tu Viện Máu,https://ohitv.net/phim-le/tu-vien-mau/,phim chieu rap,No
Cô Ấy Rực Rỡ,https://ohitv.net/phim-le/co-ay-ruc-ro/,phim chieu rap,Yes
Thanh Xuân 18×2: Lữ Trình Hướng Về Em,https://ohitv.net/phim-le/thanh-xuan-18x2-lu-trinh-huong-ve-em/,phim chieu rap,No
"Em, Người Mà Tôi Đã Đánh Mất",https://ohitv.net/phim-le/em-nguoi-toi-da-danh-mat/,phim chieu rap,No
Kung Fu Panda 4,https://ohitv.net/phim-le/kung-fu-panda-4/,phim chieu rap,Yes
Exhuma: Quật Mộ Trùng Ma,https://ohitv.net/phim-le/exhuma-quat-mo-trung-ma/,phim chieu rap,Yes
Cay Nóng Hôi Hổi (Nhiệt Lạt Cổn Thang),https://ohitv.net/phim-le/cay-nong-hoi-hoi/,phim chieu rap,No
Argylle: Siêu Điệp Viên,https://ohitv.net/phim-le/argylle-sieu-diep-vien/,phim chieu rap,No
Bà Thím Báo Thù,https://ohitv.net/phim-le/ba-thim-bao-thu/,phim chieu rap,Yes
Nàng Thơ Của Miller,https://ohitv.net/phim-le/nang-tho-cua-miller/,phim chieu rap,Yes
Mật Vụ Ong,https://ohitv.net/phim-le/mat-vu-ong/,phim chieu rap,No
Aquaman và Vương Quốc Thất Lạc,https://ohitv.net/phim-le/aquaman-va-vuong-quoc-that-lac/,phim chieu rap,No
Điệp Vụ Cuối Cùng,https://ohitv.net/phim-le/diep-vu-cuoi-cung/,phim chieu rap,No
Một Mình Vẫn Ổn’t,https://ohitv.net/phim-le/mot-minh-van-on-t/,phim chieu rap,No
Băng Qua Biển Giận Dữ,https://ohitv.net/phim-le/bang-qua-bien-gian-du/,phim chieu rap,No
Đế Chế Napoleon,https://ohitv.net/phim-le/de-che-napoleon/,phim chieu rap,No
Biệt Đội Marvel,https://ohitv.net/phim-le/biet-doi-marvel/,phim chieu rap,No
Tee Yod: Quỷ Ăn Tạng,https://ohitv.net/phim-le/tee-yod-quy-an-tang/,phim chieu rap,No
Quỷ Lùn Tinh Nghịch 3: Đồng Tâm Hiệp Nhạc,https://ohitv.net/phim-le/quy-lun-tinh-nghich-3-dong-tam-hiep-nhac/,phim chieu rap,No
Yêu Lại Vợ Ngầu,https://ohitv.net/phim-le/yeu-lai-vo-ngau/,phim chieu rap,No
Hội Người Nghiện Gội Đầu,https://ohitv.net/phim-le/hoi-nguoi-nghien-goi-dau/,phim chieu rap,No
Oppenheimer,https://ohitv.net/phim-le/oppenheimer/,phim chieu rap,No
Quái Vật,https://ohitv.net/phim-le/quai-vat/,phim chieu rap,No
Đầu Gấu Đụng Đầu Đất,https://ohitv.net/phim-le/dau-gau-dung-dau-dat/,phim chieu rap,No
Bỗng Dưng Trúng Số,https://ohitv.net/phim-le/bong-dung-trung-so/,phim chieu rap,No
Cuộc Gọi,https://ohitv.net/phim-le/cuoc-goi/,phim chieu rap,No
Kong: Đảo Đầu Lâu,https://ohitv.net/phim-le/kong-dao-dau-lau/,phim chieu rap,No
Chuyến Tàu Sinh Tử,https://ohitv.net/phim-le/chuyen-tau-sinh-tu/,phim chieu rap,No
Kung Fu Gấu Trúc,https://ohitv.net/phim-le/kung-fu-gau-truc/,phim chieu rap,No
Phong Hỏa Lệnh (Phong Hỏa Lưu Kim),https://ohitv.net/phim-bo/phong-hoa-luu-kim/,action adventure,No
Quốc Sắc Phương Hoa,https://ohitv.net/phim-bo/quoc-sac-phuong-hoa/,action adventure,No
Đại Mộng Quy Ly,https://ohitv.net/phim-bo/dai-mong-quy-ly/,action adventure,No
Ngũ Hành Thế Gia,https://ohitv.net/phim-bo/ngu-hanh-the-gia/,action adventure,No
Queen Woo,https://ohitv.net/phim-bo/queen-woo/,action adventure,No
Hồ Yêu Tiểu Hồng Nương Nguyệt Hồng Thiên,https://ohitv.net/phim-bo/ho-yeu-tieu-hong-nuong-nguyet-hong-thien/,action adventure,No
Tứ Trụ Vương: Người Thay Đổi Định Mệnh,https://ohitv.net/phim-bo/tu-tru-vuong-nguoi-thay-doi-dinh-menh/,action adventure,No
Tử Xuyên: Quang Minh Tam Kiệt,https://ohitv.net/phim-bo/tu-xuyen-quang-minh-tam-kiet/,action adventure,No
Thế Thần: Ngự khí sư cuối cùng,https://ohitv.net/phim-bo/the-than-ngu-khi-su-cuoi-cung/,action adventure,No
Liệp Băng,https://ohitv.net/phim-bo/liep-bang/,action adventure,No
Đại Lý Tự Thiếu Khanh Du,https://ohitv.net/phim-bo/dai-ly-tu-thieu-khanh-du/,action adventure,No
Nhà của ninja,https://ohitv.net/phim-bo/nha-cua-ninja/,action adventure,No
Cửa Hàng Sát Thủ,https://ohitv.net/phim-bo/cua-hang-sat-thu/,action adventure,No
Vương Giả Vinh Diệu – Vinh Diệu Chi Chương: Thành Toái Nguyệt,https://ohitv.net/phim-bo/vuong-gia-vinh-dieu-vinh-dieu-chi-chuong-thanh-toai-nguyet/,action adventure,No
Echo,https://ohitv.net/phim-bo/echo/,action adventure,No
Thăng Cấp Một Mình,https://ohitv.net/phim-bo/thang-cap-mot-minh/,action adventure,No
Anh em nhà họ Tôn,https://ohitv.net/phim-bo/anh-em-nha-ho-ton/,action adventure,No
Berlin,https://ohitv.net/phim-bo/berlin/,action adventure,No
Sinh Vật Gyeongseong,https://ohitv.net/phim-bo/sinh-vat-gyeongseong/,action adventure,No
Percy Jackson và Các Vị Thần Trên Đỉnh Olympus,https://ohitv.net/phim-bo/percy-jackson-va-cac-vi-than-tren-dinh-olympus/,action adventure,No
Trò Chơi Sống Còn,https://ohitv.net/phim-bo/tro-choi-song-con/,action adventure,No
Cáo Tinh Ranh,https://ohitv.net/phim-bo/cao-tinh-ranh/,action adventure,No
Monarch: Thế Giới Quái Thú,https://ohitv.net/phim-bo/monarch-the-gioi-quai-thu/,action adventure,No
Cảnh Giác,https://ohitv.net/phim-bo/canh-giac/,action adventure,No
Hổ Hạc Yêu Sư Lục,https://ohitv.net/phim-bo/ho-hac-yeu-su-luc/,action adventure,No
Tội Ác Kinh Hoàng,https://ohitv.net/phim-bo/toi-ac-kinh-hoang-the-worst-of-evil/,action adventure,No
Bài Ca Của Lưỡi Kiếm,https://ohitv.net/phim-bo/bai-ca-cua-luoi-kiem/,action adventure,No
Trường Tương Tư,https://ohitv.net/phim-bo/truong-tuong-tu/,action adventure,No
Khói Lửa Nhân Gian Của Tôi,https://ohitv.net/phim-bo/khoi-lua-nhan-gian-cua-toi/,action adventure,No
Con Số Bí Mật,https://ohitv.net/phim-bo/con-so-bi-mat/,action adventure,No
Chó Săn Công Lý,https://ohitv.net/phim-bo/cho-san-cong-ly/,action adventure,No
Hiệp Sĩ Áo Đen,https://ohitv.net/phim-bo/hiep-si-ao-den/,action adventure,No
Bạn Trai Tôi Là Hồ Ly 2,https://ohitv.net/phim-bo/ban-trai-toi-la-ho-ly-2/,action adventure,No
Vân Tương Truyện,https://ohitv.net/phim-bo/van-tuong-truyen/,action adventure,No
Gia Đình,https://ohitv.net/phim-bo/gia-dinh/,action adventure,No
Gia Tộc Rồng,https://ohitv.net/phim-bo/gia-toc-rong/,action adventure,No
Trầm Vụn Hương Phai,https://ohitv.net/phim-bo/tram-vun-huong-phai-immortal-samsara/,action adventure,No
Hoàn Hồn,https://ohitv.net/phim-bo/hoan-hon/,action adventure,No
Reacher: Phát Súng Cuối Cùng,https://ohitv.net/phim-bo/reacher-phat-sung-cuoi-cung/,action adventure,No
Trò chơi con mực,https://ohitv.net/phim-bo/tro-choi-con-muc/,action adventure,No
Barbaros: Thanh Kiếm Địa Trung Hải,https://ohitv.net/phim-bo/barbaros-thanh-kiem-dia-trung-hai/,action adventure,No
Nếu Như…?,https://ohitv.net/phim-bo/neu-nhu/,action adventure,No
Ẩn Danh,https://ohitv.net/phim-bo/an-danh/,action adventure,No
Vincenzo,https://ohitv.net/phim-bo/vincenzo/,action adventure,No
Thôn Phệ Tinh Không (Thôn Tính Bầu Trời),https://ohitv.net/phim-bo/thon-phe-tinh-khong/,action adventure,No
Nghệ Thuật Săn Quỷ Và Nấu Mì,https://ohitv.net/phim-bo/nghe-thuat-san-quy-va-nau-mi/,action adventure,No
Thanh Tra Mẫu Mực,https://ohitv.net/phim-bo/thanh-tra-mau-muc/,action adventure,No
Không Một Ai Biết,https://ohitv.net/phim-bo/khong-mot-ai-biet/,action adventure,No
Biên Niên Sử Arthda,https://ohitv.net/phim-bo/bien-nien-su-arthda-arthdal-chronicles/,action adventure,No
Máu Và Cổ Vật,https://ohitv.net/phim-bo/mau-va-co-vat/,action adventure,No
Hội Nhẫn,https://ohitv.net/phim-bo/hoi-nhan/,action adventure,No
Tình Yêu Đen Trắng,https://ohitv.net/phim-bo/tinh-yeu-den-trang/,action adventure,No
Hậu Duệ Mặt Trời,https://ohitv.net/phim-bo/hau-due-mat-troi/,action adventure,No
Vương Triều Cuối Cùng,https://ohitv.net/phim-bo/vuong-trieu-cuoi-cung/,action adventure,No
Tình Yêu Và Tiền Bạc,https://ohitv.net/phim-bo/tinh-yeu-va-tien-bac/,action adventure,No
Trò Chơi Vương Quyền,https://ohitv.net/phim-bo/tro-choi-vuong-quyen/,action adventure,No
Vượt Ngục,https://ohitv.net/phim-bo/vuot-nguc/,action adventure,No
Đảo Hải Tặc,https://ohitv.net/phim-bo/dao-hai-tac/,action adventure,No
Đại Tiểu Thư Vượt Qua Chông Gai,https://ohitv.net/phim-bo/dai-tieu-thu-vuot-qua-chong-gai/,phim chinh kich,No
Dead Boy Detectives,https://ohitv.net/phim-bo/dead-boy-detectives/,phim chinh kich,No
Thiếu Niên Babylon,https://ohitv.net/phim-bo/thieu-nien-babylon/,phim chinh kich,No
Bạch Nguyệt Phạn Tinh,https://ohitv.net/phim-bo/bach-nguyet-phan-tinh/,phim chinh kich,No
Dữ Quân Hành,https://ohitv.net/phim-bo/du-quan-hanh/,phim chinh kich,No
Thần Sứ Đại Nhân Của Ta,https://ohitv.net/phim-bo/than-su-dai-nhan-cua-ta/,phim chinh kich,No
Đông Bắc Bạch Sự,https://ohitv.net/phim-bo/dong-bac-bach-su/,phim chinh kich,No
Chánh Thanh Tra 1958,https://ohitv.net/phim-bo/chief-detective-1958/,phim chinh kich,No
Quần Tinh Lấp Lánh,https://ohitv.net/phim-bo/quan-tinh-lap-lanh/,phim chinh kich,No
Mặt Nạ Chân Tình,https://ohitv.net/phim-bo/mat-na-chan-tinh/,phim chinh kich,No
Sổ Tay Chăm Con Của Ông Bố Bỉm Sữa,https://ohitv.net/phim-bo/so-tay-cham-con-cua-ong-bo-bim-sua/,phim chinh kich,No
Loài Thống Trị,https://ohitv.net/phim-bo/blood-free/,phim chinh kich,No
Cõng Anh Mà Chạy,https://ohitv.net/phim-bo/lovely-runner/,phim chinh kich,No
Ký sinh thú: Vùng xám,https://ohitv.net/phim-bo/ky-sinh-thu-vung-xam/,phim chinh kich,No
Rebel Moon – Phần hai: Kẻ khắc vết sẹo,https://ohitv.net/phim-le/rebel-moon-phan-hai-ke-khac-vet-seo/,phim chinh kich,No
Hạo Y Hành,https://ohitv.net/phim-bo/hao-y-hanh/,phim chinh kich,No
Yêu Giữa Đất Trời Đảo Điên,https://ohitv.net/phim-bo/yeu-giua-dat-troi-dao-dien/,phim chinh kich,No
Ly Ca,https://ohitv.net/phim-bo/ly-ca/,phim chinh kich,No
Hồng Y Túy,https://ohitv.net/phim-bo/hong-y-tuy/,phim chinh kich,No
Tình Yêu Có Pháo Hoa,https://ohitv.net/phim-bo/tinh-yeu-co-phao-hoa/,phim chinh kich,No
Lưu Thuỷ Đào Đào,https://ohitv.net/phim-bo/luu-thuy-dao-dao/,phim chinh kich,No
Chiết Yêu,https://ohitv.net/phim-bo/chiet-yeu/,phim chinh kich,No
Tử Dạ Quy,https://ohitv.net/phim-bo/tu-da-quy/,phim chinh kich,No
Quốc Sắc Phương Hoa,https://ohitv.net/phim-bo/quoc-sac-phuong-hoa/,phim chinh kich,No
Đại Mộng Quy Ly,https://ohitv.net/phim-bo/dai-mong-quy-ly/,phim chinh kich,No
Niệm Vô Song,https://ohitv.net/phim-bo/niem-vo-song/,phim chinh kich,No
Cẩm Nguyệt Như Ca,https://ohitv.net/phim-bo/cam-nguyet-nhu-ca/,phim chinh kich,No
Rèm Ngọc Châu Sa,https://ohitv.net/phim-bo/rem-ngoc-chau-sa/,phim chinh kich,No
Thừa Hoan Ký,https://ohitv.net/phim-bo/thua-hoan-ky/,phim chinh kich,No
Các Cô Ấy Của Hôm Nay,https://ohitv.net/phim-bo/cac-co-ay-cua-hom-nay/,phim chinh kich,No
Chưởng Quỹ Ca Ca Mau Đi Đi,https://ohitv.net/phim-bo/chuong-quy-ca-ca-mau-di-di/,phim chinh kich,No
Thứ Bậc,https://ohitv.net/phim-bo/thu-bac/,phim chinh kich,No
Anh Hùng Bàn Phím,https://ohitv.net/phim-le/anh-hung-ban-phim/,phim chinh kich,No
Mất Tích,https://ohitv.net/phim-bo/mat-tich/,phim chinh kich,No
Vẻ Đẹp Thuần Khiết,https://ohitv.net/phim-bo/ve-dep-thuan-khiet/,phim chinh kich,No
Uyển Uyển Như Mộng Tiêu,https://ohitv.net/phim-bo/uyen-uyen-nhu-mong-tieu/,phim chinh kich,No
Chấp Bút,https://ohitv.net/phim-bo/chap-but/,phim chinh kich,No
Queen Woo,https://ohitv.net/phim-bo/queen-woo/,phim chinh kich,No
Sắc Xuân Gửi Người Tình,https://ohitv.net/phim-bo/sac-xuan-gui-nguoi-tinh/,phim chinh kich,No
Chuyến Bay Không Có Khiếu Nại,https://ohitv.net/phim-bo/chuyen-bay-khong-co-khieu-nai/,phim chinh kich,No
Dữ Phượng Hành,https://ohitv.net/phim-bo/du-phuong-hanh/,phim chinh kich,No
Hồ Yêu Tiểu Hồng Nương Nguyệt Hồng Thiên,https://ohitv.net/phim-bo/ho-yeu-tieu-hong-nuong-nguyet-hong-thien/,phim chinh kich,No
Cô Ấy Rực Rỡ,https://ohitv.net/phim-le/co-ay-ruc-ro/,phim chinh kich,Yes
Hoa Gian Lệnh,https://ohitv.net/phim-bo/hoa-gian-lenh/,phim chinh kich,No
Tạm Biệt Bạch Nguyệt Quang,https://ohitv.net/phim-bo/tam-biet-bach-nguyet-quang/,phim chinh kich,No
Cuộc Sống Gia Đình Nhỏ,https://ohitv.net/phim-bo/cuoc-song-gia-dinh-nho/,phim chinh kich,No
Say Để Yêu Em,https://ohitv.net/phim-bo/say-de-yeu-em/,phim chinh kich,No
Người Yêu Thú Cưng Của Tôi,https://ohitv.net/phim-bo/nguoi-yeu-thu-cung-cua-toi/,phim chinh kich,No
Liệt Diễm Chi Vũ Canh Kỷ,https://ohitv.net/phim-bo/liet-diem-chi-vu-canh-ky/,phim chinh kich,No
Kiểu Nguyệt Lưu Hỏa,https://ohitv.net/phim-bo/kieu-nguyet-luu-hoa/,phim chinh kich,No
Tiệm Chụp Ảnh Ma Quái,https://ohitv.net/phim-bo/tiem-chup-anh-ma-quai/,phim chinh kich,No
Cảm Ơn Em Đã Sưởi Ấm Anh,https://ohitv.net/phim-bo/cam-on-em-da-suoi-am-anh/,phim chinh kich,No
Trường Tương Vật,https://ohitv.net/phim-bo/truong-tuong-vat/,phim chinh kich,No
Đừng Phiền Tôi Làm Nông,https://ohitv.net/phim-bo/dung-phien-toi-lam-nong/,phim chinh kich,No
Nhất Mộng Phù Sinh,https://ohitv.net/phim-bo/nhat-mong-phu-sinh/,phim chinh kich,No
Kiến Khanh Khanh,https://ohitv.net/phim-bo/kien-khanh-khanh/,phim chinh kich,No
Đừng Rung Động Vì Anh,https://ohitv.net/phim-bo/dung-rung-dong-vi-anh/,phim chinh kich,No
Bình Minh Trên Sông,https://ohitv.net/phim-bo/binh-minh-tren-song/,phim chinh kich,No
Gả Đông Cung,https://ohitv.net/phim-bo/ga-dong-cung/,phim chinh kich,No
Phi Trì Nhân Sinh,https://ohitv.net/phim-bo/phi-tri-nhan-sinh/,phim chinh kich,No
Phi Trì Nhân Sinh,https://ohitv.net/phim-bo/phi-tri-nhan-sinh/,phim chinh kich,No
Ti Thừa Đại Nhân Thân Yêu,https://ohitv.net/phim-bo/ti-thua-dai-nhan-than-yeu/,phim chinh kich,No
Vĩnh An Mộng,https://ohitv.net/phim-bo/vinh-an-mong/,phim chinh kich,No
Đại Tướng Quân,https://ohitv.net/phim-bo/dai-tuong-quan/,phim chinh kich,No
Ẩn Số Về Chúng Ta,https://ohitv.net/phim-bo/an-so-ve-chung-ta/,phim chinh kich,No
Tình Yêu Trong Bàn Tay,https://ohitv.net/phim-bo/tinh-yeu-trong-ban-tay/,phim chinh kich,No
Thế Thần: Ngự khí sư cuối cùng,https://ohitv.net/phim-bo/the-than-ngu-khi-su-cuoi-cung/,phim chinh kich,No
Nữ Hoàng Nước Mắt,https://ohitv.net/phim-bo/nu-hoang-nuoc-mat/,phim chinh kich,No
Cuộc Chiến Thừa Kế,https://ohitv.net/phim-bo/cuoc-chien-thua-ke/,phim chinh kich,No
Hôn Lễ Bất Khả Thi,https://ohitv.net/phim-bo/hon-le-bat-kha-thi/,phim chinh kich,No
Thế Giới Tươi Đẹp,https://ohitv.net/phim-bo/the-gioi-tuoi-dep/,phim chinh kich,No
Trò Chơi Kim Tự Tháp,https://ohitv.net/phim-bo/tro-choi-kim-tu-thap/,phim chinh kich,No
Đại Lý Tự Thiếu Khanh Du,https://ohitv.net/phim-bo/dai-ly-tu-thieu-khanh-du/,phim chinh kich,No
Mộ Sắc Tâm Tích,https://ohitv.net/phim-bo/mo-sac-tam-tich/,phim chinh kich,No
To Be Continued,https://ohitv.net/phim-bo/to-be-continued/,phim chinh kich,No
Tên tôi là Loh Kiwan,https://ohitv.net/phim-le/ten-toi-la-loh-kiwan/,phim chinh kich,No
Nhà của ninja,https://ohitv.net/phim-bo/nha-cua-ninja/,phim chinh kich,No
Pháo Hoa Nhân Gia,https://ohitv.net/phim-bo/phao-hoa-nhan-gia/,phim chinh kich,No
Xuân Nhật Nùng Tình,https://ohitv.net/phim-bo/xuan-nhat-nung-tinh/,phim chinh kich,No
Cay Nóng Hôi Hổi (Nhiệt Lạt Cổn Thang),https://ohitv.net/phim-le/cay-nong-hoi-hoi/,phim chinh kich,No
Nam Lai Bắc Vãng,https://ohitv.net/phim-bo/nam-lai-bac-vang/,phim chinh kich,No
Đại Đường Địch Công Án,https://ohitv.net/phim-bo/dai-duong-dich-cong-an/,phim chinh kich,No
Trao Nàng Bàn Tay,https://ohitv.net/phim-bo/trao-nang-ban-tay/,phim chinh kich,No
Nụ Hôn Ở Seongsu,https://ohitv.net/phim-bo/nu-hon-o-seongsu/,phim chinh kich,No
Thọ Tả Dĩ Bính (Để Nàng Nắm Thóp),https://ohitv.net/phim-bo/tho-ta-di-binh/,phim chinh kich,No
Thám Tử Đáng Yêu,https://ohitv.net/phim-bo/tham-tu-dang-yeu/,phim chinh kich,No
Trò Chơi Trí Mệnh,https://ohitv.net/phim-bo/tro-choi-tri-menh/,phim chinh kich,No
Giữa Cơn Bão Tuyết,https://ohitv.net/phim-bo/giua-con-bao-tuyet/,phim chinh kich,No
Cô Ấy Độc Nhất Hữu Nhị,https://ohitv.net/phim-bo/co-ay-doc-nhat-huu-nhi/,phim chinh kich,No
Nữ Hoàng Ly Hôn,https://ohitv.net/phim-bo/nu-hoang-ly-hon/,phim chinh kich,No
A Mạch Tòng Quân,https://ohitv.net/phim-bo/a-mach-tong-quan/,phim chinh kich,No
Phệ Tâm,https://ohitv.net/phim-bo/phe-tam/,phim chinh kich,No
Hỉ Quyển Thường Lạc Thành,https://ohitv.net/phim-bo/hi-quyen-thuong-lac-thanh/,phim chinh kich,No
Không Có Cốt Truyện Cũng Không Sao,https://ohitv.net/phim-bo/khong-co-cot-truyen-cung-khong-sao/,phim chinh kich,No
Nốt Trầm Đời Bác SĨ,https://ohitv.net/phim-bo/not-tram-doi-bac-si/,phim chinh kich,No
Tài Phiệt Và Cảnh Sát,https://ohitv.net/phim-bo/flex-x-cop/,phim chinh kich,No
Hạt Ngọc Trai,https://ohitv.net/phim-bo/hat-ngoc-trai/,phim chinh kich,No
Tình Yêu Ngàn Năm,https://ohitv.net/phim-bo/tinh-yeu-ngan-nam/,phim chinh kich,No
Đôi Mắt Si Tình,https://ohitv.net/phim-bo/doi-mat-si-tinh/,phim chinh kich,No
Sejak: Mê Hoặc Quân Vương,https://ohitv.net/phim-bo/sejak-me-hoac-quan-vuong/,phim chinh kich,No
Tình Yêu 199 – Muốn Mãi Mãi Yêu,https://ohitv.net/phim-bo/tinh-yeu-199-muon-mai-mai-yeu/,phim chinh kich,No
Di Sản Kỳ Bí,https://ohitv.net/phim-bo/di-san-ky-bi/,phim chinh kich,No
Lâu Rồi Chưa Yêu,https://ohitv.net/phim-bo/lau-roi-chua-yeu/,phim chinh kich,No
Kỳ Kim Triêu,https://ohitv.net/phim-bo/ky-kim-trieu/,phim chinh kich,No
Nàng Thơ Của Miller,https://ohitv.net/phim-le/nang-tho-cua-miller/,phim chinh kich,Yes
Tiên Kiếm Kỳ Hiệp 4,https://ohitv.net/phim-bo/tien-kiem-ky-hiep-4/,phim chinh kich,No
Cửa Hàng Sát Thủ,https://ohitv.net/phim-bo/cua-hang-sat-thu/,phim chinh kich,No
Tầng 19,https://ohitv.net/phim-bo/tang-19/,phim chinh kich,No
Hoa Nở Về Đêm,https://ohitv.net/phim-bo/hoa-no-ve-dem/,phim chinh kich,No
Hoa Thanh Ca,https://ohitv.net/phim-bo/hoa-thanh-ca/,phim chinh kich,No
Chàng trai nuốt chửng vũ trụ,https://ohitv.net/phim-bo/chang-trai-nuot-chung-vu-tru/,phim chinh kich,No
Vô Tình Phải Lòng Em,https://ohitv.net/phim-bo/vo-tinh-phai-long-em/,phim chinh kich,No
Mật Vụ Ong,https://ohitv.net/phim-le/mat-vu-ong/,phim chinh kich,No
Echo,https://ohitv.net/phim-bo/echo/,phim chinh kich,No
Hướng Về Em,https://ohitv.net/phim-bo/huong-ve-em/,phim chinh kich,No
Người Phiên Dịch Của Chúng Tôi,https://ohitv.net/phim-bo/nguoi-phien-dich-cua-chung-toi/,phim chinh kich,No
Anh em nhà họ Tôn,https://ohitv.net/phim-bo/anh-em-nha-ho-ton/,phim chinh kich,No
Anh Cũng Có Ngày Này,https://ohitv.net/phim-bo/anh-cung-co-ngay-nay/,phim chinh kich,No
Tình Ca Ảo Mộng,https://ohitv.net/phim-bo/tinh-ca-ao-mong/,phim chinh kich,No
Cô Đi Mà Lấy Chồng Tôi,https://ohitv.net/phim-bo/co-di-ma-lay-chong-toi/,phim chinh kich,No
Một Chương Hạnh Phúc,https://ohitv.net/phim-bo/mot-chuong-hanh-phuc/,phim chinh kich,No
Thiên Khởi Dị Văn Lục,https://ohitv.net/phim-bo/thien-khoi-di-van-luc/,phim chinh kich,No
Liệt Ái,https://ohitv.net/phim-bo/liet-ai/,phim chinh kich,No
Berlin,https://ohitv.net/phim-bo/berlin/,phim chinh kich,No
Vượt Đại Dương Để Yêu Em,https://ohitv.net/phim-bo/vuot-dai-duong-de-yeu-em/,phim chinh kich,No
Mạch Thượng Nhân Như Ngọc,https://ohitv.net/phim-bo/mach-thuong-nhan-nhu-ngoc/,phim chinh kich,No
Thành Thời Gian,https://ohitv.net/phim-bo/thanh-thoi-gian/,phim chinh kich,No
Thượng Hải Phồn Hoa,https://ohitv.net/phim-bo/thuong-hai-phon-hoa/,phim chinh kich,No
Anh Và Cô Ấy,https://ohitv.net/phim-bo/anh-va-co-ay/,phim chinh kich,No
Tống Từ Thiều Hoa Lục,https://ohitv.net/phim-bo/tong-tu-thieu-hoa-luc/,phim chinh kich,No
Như Hoa Trên Cát,https://ohitv.net/phim-bo/nhu-hoa-tren-cat/,phim chinh kich,No
Percy Jackson và Các Vị Thần Trên Đỉnh Olympus,https://ohitv.net/phim-bo/percy-jackson-va-cac-vi-than-tren-dinh-olympus/,phim chinh kich,No
Hồng Nhung,https://ohitv.net/phim-bo/hong-nhung/,phim chinh kich,No
Rebel Moon – Phần một: Người con của lửa,https://ohitv.net/phim-le/rebel-moon-phan-mot-nguoi-con-cua-lua/,phim chinh kich,No
Trò Chơi Sinh Tử,https://ohitv.net/phim-bo/troi-choi-sinh-tu/,phim chinh kich,No
Snap and Spark,https://ohitv.net/phim-bo/snap-and-spark/,phim chinh kich,No
Thần Ẩn,https://ohitv.net/phim-bo/than-an/,phim chinh kich,No
Thiếu Niên Minh Long,https://ohitv.net/phim-bo/thieu-nien-minh-long/,phim chinh kich,No
Nhạc Trưởng Maestra: Sợi Dây Chân Lý,https://ohitv.net/phim-bo/nhac-truong-maesra-soi-day-chan-ly/,phim chinh kich,No
Kỳ Nghỉ Phép 3 Ngày,https://ohitv.net/phim-le/ky-nghi-phep-3-ngay/,phim chinh kich,No
Đoạt Kiêu,https://ohitv.net/phim-bo/doat-kieu/,phim chinh kich,No
Chào Mừng Đến Samdal-ri,https://ohitv.net/phim-bo/chao-mung-den-samdal-ri/,phim chinh kich,No
Người Yêu Tôi Là Thần Tình Yêu,https://ohitv.net/phim-bo/nguoi-yeu-toi-la-than-tinh-yeu/,phim chinh kich,No
Nương Tử Tại Thượng,https://ohitv.net/phim-bo/nuong-tu-tai-thuong/,phim chinh kich,No
Gả Cho Chàng,https://ohitv.net/phim-bo/ga-cho-chang/,phim chinh kich,No
Cáo Tinh Ranh,https://ohitv.net/phim-bo/cao-tinh-ranh/,phim chinh kich,No
Hãy Nói Với Anh Rằng Em Yêu Anh,https://ohitv.net/phim-bo/hay-noi-voi-anh-rang-em-yeu-anh/,phim chinh kich,No
Băng Qua Biển Giận Dữ,https://ohitv.net/phim-le/bang-qua-bien-gian-du/,phim chinh kich,No
Chàng quỷ của tôi,https://ohitv.net/phim-bo/chang-quy-cua-toi/,phim chinh kich,No
Hợp Đồng Hôn Nhân Của Cô Park,https://ohitv.net/phim-bo/hop-dong-hon-nhan-cua-co-park/,phim chinh kich,No
Đế Chế Napoleon,https://ohitv.net/phim-le/de-che-napoleon/,phim chinh kich,No
Còn Lâu Mới Thèm Yêu Đương,https://ohitv.net/phim-bo/con-lau-moi-them-yeu-duong/,phim chinh kich,No
Sở Tiên Sinh Từ Trên Trời Rơi Xuống,https://ohitv.net/phim-bo/so-tien-sinh-tu-tren-troi-roi-xuong/,phim chinh kich,No
Đấu Phá Thương Khung: Thức Tỉnh,https://ohitv.net/phim-le/dau-pha-thuong-khung-thuc-tinh/,phim chinh kich,No
Monarch: Thế Giới Quái Thú,https://ohitv.net/phim-bo/monarch-the-gioi-quai-thu/,phim chinh kich,No
Án mạng nơi Tận cùng Thế giới,https://ohitv.net/phim-bo/an-mang-noi-tan-cung-the-gioi/,phim chinh kich,No
9 Lần Gặp Em,https://ohitv.net/phim-bo/9-lan-gap-em/,phim chinh kich,No
Cảnh Giác,https://ohitv.net/phim-bo/canh-giac/,phim chinh kich,No
Ninh An Như Mộng,https://ohitv.net/phim-bo/ninh-an-nhu-mong/,phim chinh kich,No
Chút nắng ấm mỗi ngày,https://ohitv.net/phim-bo/chut-nang-am-moi-ngay/,phim chinh kich,No
Dĩ Ái Vi Doanh,https://ohitv.net/phim-bo/di-ai-vi-doanh/,phim chinh kich,No
Không Sợ Hãi,https://ohitv.net/phim-bo/khong-so-hai/,phim chinh kich,No
Giấu Em,https://ohitv.net/phim-bo/giau-em/,phim chinh kich,No
Trăng Lên Ban Ngày,https://ohitv.net/phim-bo/trang-len-ban-ngay/,phim chinh kich,No
Nghịch Lý Tốc Độ (Cực Tốc Bối Luận),https://ohitv.net/phim-bo/nghich-ly-toc-do/,phim chinh kich,No
Diva Của Đảo Hoang – Castaway Diva,https://ohitv.net/phim-bo/diva-cua-dao-hoang-castaway-diva/,phim chinh kich,No
Ác Nữ,https://ohitv.net/phim-le/ac-nu/,phim chinh kich,No
Đại Nội Mật Thám Chi Nhân Duyên Kiếp,https://ohitv.net/phim-bo/dai-noi-mat-tham-chi-nhan-duyen-kiep/,phim chinh kich,No
Bánh Quy Ma Thuật,https://ohitv.net/phim-bo/banh-quy-ma-thuat/,phim chinh kich,No
Bạn Trai Hợp Đồng,https://ohitv.net/phim-bo/ban-trai-hop-dong/,phim chinh kich,No
Doona!,https://ohitv.net/phim-bo/doona/,phim chinh kich,No
Thỏ Tiên Vương Phi,https://ohitv.net/phim-bo/tho-tien-vuong-phi/,phim chinh kich,No
Điền Canh Kỷ,https://ohitv.net/phim-bo/dien-canh-ky/,phim chinh kich,No
Tẫn Tương Tư,https://ohitv.net/phim-bo/tan-tuong-tu/,phim chinh kich,No
Mỹ Nhân Đạo Chích,https://ohitv.net/phim-le/my-nhan-dao-chich/,phim chinh kich,No
Tẫn Hoan,https://ohitv.net/phim-bo/tan-hoan/,phim chinh kich,No
Ngày Tuyệt Vời Để Trở Thành Cún,https://ohitv.net/phim-bo/ngay-tuyet-voi-de-tro-thanh-cun/,phim chinh kich,No
Cô Nàng Mạnh Mẽ Gang Nam Soon,https://ohitv.net/phim-bo/co-nang-manh-me-gang-nam-soon/,phim chinh kich,No
Vận Mệnh Gắn Kết,https://ohitv.net/phim-bo/van-menh-gan-ket/,phim chinh kich,No
Tấn Giai Đích Chủ Mẫu,https://ohitv.net/phim-bo/tan-giai-dich-chu-mau/,phim chinh kich,No
Tội Ác Kinh Hoàng,https://ohitv.net/phim-bo/toi-ac-kinh-hoang-the-worst-of-evil/,phim chinh kich,No
Ngọt Ngào Và Rực Rỡ,https://ohitv.net/phim-bo/ngot-ngao-va-ruc-ro/,phim chinh kich,No
Bài Ca Của Lưỡi Kiếm,https://ohitv.net/phim-bo/bai-ca-cua-luoi-kiem/,phim chinh kich,No
Khanh Khanh Tam Tư,https://ohitv.net/phim-bo/khanh-khanh-tam-tu/,phim chinh kich,No
Anh Ấy Bước Ra Từ Ánh Lửa,https://ohitv.net/phim-bo/anh-ay-buoc-ra-tu-anh-lua/,phim chinh kich,No
Hoa Khê Ký,https://ohitv.net/phim-bo/hoa-khe-ky/,phim chinh kich,No
Những Năm Tháng Tuổi Trẻ Không Thể Quay Trở Lại,https://ohitv.net/phim-bo/nhung-nam-thang-tuoi-tre-khong-the-quay-tro-lai/,phim chinh kich,No
maboroshi,https://ohitv.net/phim-le/maboroshi/,phim chinh kich,No
Cuộc Chiến Sinh Tồn,https://ohitv.net/phim-bo/cuoc-chien-sinh-ton/,phim chinh kich,No
Lương Tâm Kẻ Bắt Cóc,https://ohitv.net/phim-bo/luong-tam-ke-bat-coc/,phim chinh kich,No
Gió Nam Hiểu Lòng Tôi,https://ohitv.net/phim-bo/gio-nam-hieu-long-toi-south-wind-knows/,phim chinh kich,No
Hoang Dã,https://ohitv.net/phim-bo/hoang-da/,phim chinh kich,No
Người Nào Đó,https://ohitv.net/phim-bo/nguoi-nao-do/,phim chinh kich,No
Người Yêu Một Nửa Thân Thuộc Của Tôi,https://ohitv.net/phim-bo/nguoi-yeu-mot-nua-than-thuoc-cua-toi/,phim chinh kich,No
Nghi Phạm Thứ Tám,https://ohitv.net/phim-le/nghi-pham-thu-tam/,phim chinh kich,No
Sủng Phi Hoàng Đồ,https://ohitv.net/phim-bo/sung-phi-hoang-do/,phim chinh kich,No
Thời Gian Gọi Tên Em,https://ohitv.net/phim-bo/thoi-gian-goi-ten-em/,phim chinh kich,No
Ngọc Bích,https://ohitv.net/phim-bo/ngoc-bich/,phim chinh kich,No
Vân Chi Vũ,https://ohitv.net/phim-bo/van-chi-vu/,phim chinh kich,No
Hoàng Phi Cớ Sao Lại Thế,https://ohitv.net/phim-bo/hoang-phi-co-sao-lai-the/,phim chinh kich,No
Tình Yêu Này Bất Khả Kháng,https://ohitv.net/phim-bo/tinh-yeu-nay-bat-kha-khang/,phim chinh kich,No
Hương Tình Yêu,https://ohitv.net/phim-bo/huong-tinh-yeu/,phim chinh kich,No
Lựa Chọn,https://ohitv.net/phim-bo/lua-chon/,phim chinh kich,No
Bàn Tay Ma Thuật,https://ohitv.net/phim-bo/ban-tay-ma-thuat/,phim chinh kich,No
Lá Phiếu Tử Hình,https://ohitv.net/phim-bo/la-phieu-tu-hinh/,phim chinh kich,No
Bảy Kiếp May Mắn,https://ohitv.net/phim-bo/bay-kiep-may-man/,phim chinh kich,No
Đội Thiếu Niên Siêu Đẳng,https://ohitv.net/phim-bo/doi-thieu-nien-sieu-dang/,phim chinh kich,No
Người Yêu Dấu,https://ohitv.net/phim-bo/nguoi-yeu-dau/,phim chinh kich,No
Công Tử Mặc Thượng Hương,https://ohitv.net/phim-bo/cong-tu-mac-thuong-huong/,phim chinh kich,No
Đừng Nói Dối Em,https://ohitv.net/phim-bo/dung-noi-doi-em/,phim chinh kich,No
Chuyện Tình Chàng Tam Quý,https://ohitv.net/phim-le/chuyen-tinh-chang-tam-quy/,phim chinh kich,No
Hội Người Nghiện Gội Đầu,https://ohitv.net/phim-le/hoi-nguoi-nghien-goi-dau/,phim chinh kich,No
Trường Tương Tư,https://ohitv.net/phim-bo/truong-tuong-tu/,phim chinh kich,No
Liên Hoa Lâu,https://ohitv.net/phim-bo/lien-hoa-lau/,phim chinh kich,No
Oppenheimer,https://ohitv.net/phim-le/oppenheimer/,phim chinh kich,No
An Lạc Truyện,https://ohitv.net/phim-bo/an-lac-truyen/,phim chinh kich,No
Khói Lửa Nhân Gian Của Tôi,https://ohitv.net/phim-bo/khoi-lua-nhan-gian-cua-toi/,phim chinh kich,No
Người Nổi Tiếng,https://ohitv.net/phim-bo/nguoi-noi-tieng/,phim chinh kich,No
Huynh Đệ Kì Tích,https://ohitv.net/phim-bo/huynh-de-ki-tich/,phim chinh kich,No
Nhịp Đập Trái Tim,https://ohitv.net/phim-bo/nhip-dap-trai-tim/,phim chinh kich,No
Con Số Bí Mật,https://ohitv.net/phim-bo/con-so-bi-mat/,phim chinh kich,No
Ác Quỷ,https://ohitv.net/phim-bo/ac-quy/,phim chinh kich,No
Vấp Ngã Đừng Khóc,https://ohitv.net/phim-bo/vap-nga-dung-khoc/,phim chinh kich,No
Vụng Trộm Không Thể Giấu,https://ohitv.net/phim-bo/vung-trom-khong-the-giau/,phim chinh kich,No
Nam Dương Nữ Nhi Tình,https://ohitv.net/phim-bo/nam-duong-nu-nhi-tinh/,phim chinh kich,No
Lời Nói Dối Sau Vườn Nhà Tôi,https://ohitv.net/phim-bo/loi-noi-doi-sau-vuon-nha-toi/,phim chinh kich,No
Trường Phong Độ,https://ohitv.net/phim-bo/truong-phong-do/,phim chinh kich,No
Khách Sạn Vương Giả,https://ohitv.net/phim-bo/khach-san-vuong-gia/,phim chinh kich,No
Hẹn Gặp Anh Ở Kiếp Thứ 19,https://ohitv.net/phim-bo/hen-gap-anh-o-kiep-thu-19/,phim chinh kich,No
Khi Anh Chạy Về Phía Em,https://ohitv.net/phim-bo/khi-anh-chay-ve-phia-em/,phim chinh kich,No
Chó Săn Công Lý,https://ohitv.net/phim-bo/cho-san-cong-ly/,phim chinh kich,No
Quái Vật,https://ohitv.net/phim-le/quai-vat/,phim chinh kich,No
Hoa Nhung,https://ohitv.net/phim-bo/hoa-nhung/,phim chinh kich,No
Chị Đại Học Đường,https://ohitv.net/phim-bo/chi-dai-hoc-duong/,phim chinh kich,No
Cú Lừa Nên Duyên,https://ohitv.net/phim-bo/cu-lua-nen-duyen/,phim chinh kich,No
Ba Phần Hoang Dã,https://ohitv.net/phim-bo/ba-phan-hoang-da/,phim chinh kich,No
Hiệp Sĩ Áo Đen,https://ohitv.net/phim-bo/hiep-si-ao-den/,phim chinh kich,No
Bạn Trai Tôi Là Hồ Ly 2,https://ohitv.net/phim-bo/ban-trai-toi-la-ho-ly-2/,phim chinh kich,No
Vân Tương Truyện,https://ohitv.net/phim-bo/van-tuong-truyen/,phim chinh kich,No
Cơn Mưa Ở Espana,https://ohitv.net/phim-bo/con-mua-o-espana/,phim chinh kich,No
Người Mẹ Tồi Của Tôi,https://ohitv.net/phim-bo/nguoi-me-toi-cua-toi/,phim chinh kich,No
Nữ Hoàng Mặt Nạ,https://ohitv.net/phim-bo/nu-hoang-mat-na/,phim chinh kich,No
Đây Không Phải Là Kéo Co Sao?,https://ohitv.net/phim-bo/day-khong-phai-la-keo-co-sao/,phim chinh kich,No
Bác Sĩ Cha,https://ohitv.net/phim-bo/bac-si-cha/,phim chinh kich,No
Phong Hậu,https://ohitv.net/phim-bo/phong-hau/,phim chinh kich,No
Gulcemal,https://ohitv.net/phim-bo/gulcemal/,phim chinh kich,No
Trường Nguyệt Tẫn Minh,https://ohitv.net/phim-bo/truong-nguyet-tan-minh/,phim chinh kich,No
Trêu Chọc,https://ohitv.net/phim-bo/treu-choc/,phim chinh kich,No
Gia Đình,https://ohitv.net/phim-bo/gia-dinh/,phim chinh kich,No
Ốc Đảo Tuổi Trẻ,https://ohitv.net/phim-bo/oc-dao-tuoi-tre/,phim chinh kich,No
Luật Sư Ly Hôn Shin,https://ohitv.net/phim-bo/luat-su-ly-hon-shin/,phim chinh kich,No
Taxi Ma Quái,https://ohitv.net/phim-bo/taxi-ma-quai/,phim chinh kich,No
Tôi Là Farah,https://ohitv.net/phim-bo/toi-la-farah/,phim chinh kich,No
Cửu Tiêu Hàn Dạ Noãn,https://ohitv.net/phim-bo/cuu-tieu-han-da-noan/,phim chinh kich,No
Đại Minh Dưới Kính Hiển Vi,https://ohitv.net/phim-bo/dai-minh-duoi-kinh-hien-vi/,phim chinh kich,No
Công Tử Chàng Tên Gì,https://ohitv.net/phim-bo/cong-tu-chang-ten-gi/,phim chinh kich,No
Chim Mồi,https://ohitv.net/phim-bo/chim-moi-decoy/,phim chinh kich,No
Khóa Học Yêu Cấp Tốc,https://ohitv.net/phim-bo/khoa-hoc-yeu-cap-toc/,phim chinh kich,No
Trạch Quân Ký,https://ohitv.net/phim-bo/trach-quan-ky/,phim chinh kich,No
Bảo Vệ Thành Chủ Đại Nhân Của Ta,https://ohitv.net/phim-bo/bao-ve-thanh-chu-dai-nhan-cua-ta/,phim chinh kich,No
Đi Đến Nơi Có Gió,https://ohitv.net/phim-bo/di-den-noi-co-gio/,phim chinh kich,No
Vinh Quang Trong Thù Hận,https://ohitv.net/phim-bo/vinh-quang-trong-thu-han/,phim chinh kich,No
Hoa Máu,https://ohitv.net/phim-bo/hoa-mau/,phim chinh kich,No
Cú Úp Rổ Đầu Tiên,https://ohitv.net/phim-le/cu-up-ro-dau-tien/,phim chinh kich,No
Cầm Tù,https://ohitv.net/phim-bo/cam-tu/,phim chinh kich,No
Cậu Út Nhà Tài Phiệt,https://ohitv.net/phim-bo/cau-ut-nha-tai-phiet/,phim chinh kich,No
Chiếc Bật Lửa Và Váy Công Chúa,https://ohitv.net/phim-bo/chiec-bat-lua-va-vay-cong-chua/,phim chinh kich,No
Sorbet Nam Việt Quất,https://ohitv.net/phim-bo/sorbet-nam-viet-quat/,phim chinh kich,No
Cạm Bẫy,https://ohitv.net/phim-bo/tuzak/,phim chinh kich,No
Dưới Bóng Trung Điện,https://ohitv.net/phim-bo/duoi-bong-trung-dien/,phim chinh kich,No
Cô Gái Thế Kỷ 20,https://ohitv.net/phim-le/co-gai-the-ky-20/,phim chinh kich,No
Câu Chuyện Cổ Tích,https://ohitv.net/phim-bo/cau-chuyen-co-tich/,phim chinh kich,No
Hư Nhan,https://ohitv.net/phim-bo/hu-nhan/,phim chinh kich,No
Chim Bói Cá,https://ohitv.net/phim-bo/chim-boi-ca/,phim chinh kich,No
Phản Bội,https://ohitv.net/phim-bo/phan-boi/,phim chinh kich,No
Thỉnh Quân,https://ohitv.net/phim-bo/thinh-quan/,phim chinh kich,No
Gia Tộc Rồng,https://ohitv.net/phim-bo/gia-toc-rong/,phim chinh kich,No
Thương Lan Quyết,https://ohitv.net/phim-bo/thuong-lan-quyet/,phim chinh kich,No
Miệng Bự,https://ohitv.net/phim-bo/mieng-bu/,phim chinh kich,No
Trầm Vụn Hương Phai,https://ohitv.net/phim-bo/tram-vun-huong-phai-immortal-samsara/,phim chinh kich,No
Hãy Lắng Nghe Tôi,https://ohitv.net/phim-bo/hay-lang-nghe-toi/,phim chinh kich,No
Tinh Hà Xán Lạn,https://ohitv.net/phim-bo/tinh-ha-xan-lan/,phim chinh kich,No
Nữ Luật Sư Kỳ Lạ Woo Young Woo,https://ohitv.net/phim-bo/nu-luat-su-ky-la-woo-young-woo/,phim chinh kich,No
Hoàn Hồn,https://ohitv.net/phim-bo/hoan-hon/,phim chinh kich,No
Bác Sĩ Luật Sư,https://ohitv.net/phim-bo/bac-si-luat-su/,phim chinh kich,No
Thả Thí Thiên Hạ,https://ohitv.net/phim-bo/tha-thi-thien-ha/,phim chinh kich,No
Blues Nơi Đảo Xanh,https://ohitv.net/phim-bo/blues-noi-dao-xanh/,phim chinh kich,No
Ba Chị Em,https://ohitv.net/phim-bo/ba-chi-em/,phim chinh kich,No
Người Cha,https://ohitv.net/phim-bo/nguoi-cha/,phim chinh kich,No
Reacher: Phát Súng Cuối Cùng,https://ohitv.net/phim-bo/reacher-phat-sung-cuoi-cung/,phim chinh kich,No
Mùa Hè Yêu Dấu Của Chúng Ta,https://ohitv.net/phim-bo/mua-he-yeu-dau-cua-chung-ta/,phim chinh kich,No
Phong Khởi Lạc Dương,https://ohitv.net/phim-bo/phong-khoi-lac-duong/,phim chinh kich,No
Hạnh Phúc: Chung Cư Có Độc,https://ohitv.net/phim-bo/hanh-phuc-chung-cu-co-doc/,phim chinh kich,No
Trò chơi con mực,https://ohitv.net/phim-bo/tro-choi-con-muc/,phim chinh kich,No
Barbaros: Thanh Kiếm Địa Trung Hải,https://ohitv.net/phim-bo/barbaros-thanh-kiem-dia-trung-hai/,phim chinh kich,No
Thánh Ăn Đại Đường,https://ohitv.net/phim-bo/thanh-an-dai-duong/,phim chinh kich,No
Tình Yêu Bất Ngờ,https://ohitv.net/phim-bo/tinh-yeu-bat-ngo/,phim chinh kich,No
Chuyện Hòn Đảo,https://ohitv.net/phim-bo/chuyen-hon-dao/,phim chinh kich,No
Chua & Ngọt,https://ohitv.net/phim-le/chua-ngot/,phim chinh kich,No
Ẩn Danh,https://ohitv.net/phim-bo/an-danh/,phim chinh kich,No
Vincenzo,https://ohitv.net/phim-bo/vincenzo/,phim chinh kich,No
Anh Em Tôi,https://ohitv.net/phim-bo/anh-em-toi/,phim chinh kich,No
Đêm Giao Thừa,https://ohitv.net/phim-le/dem-giao-thua/,phim chinh kich,No
Con Tàu Chiến Thắng,https://ohitv.net/phim-le/con-tau-chien-thang/,phim chinh kich,No
Chờ Em Đến,https://ohitv.net/phim-bo/cho-em-den/,phim chinh kich,No
Chàng Hậu,https://ohitv.net/phim-bo/chang-hau/,phim chinh kich,No
Vẻ Đẹp Đích Thực,https://ohitv.net/phim-bo/ve-dep-dich-thuc/,phim chinh kich,No
Nghệ Thuật Săn Quỷ Và Nấu Mì,https://ohitv.net/phim-bo/nghe-thuat-san-quy-va-nau-mi/,phim chinh kich,No
Một Nửa Của Tôi,https://ohitv.net/phim-bo/mot-nua-cua-toi/,phim chinh kich,No
Penthouse: Cuộc Chiến Thượng Lưu,https://ohitv.net/phim-bo/penthouse-cuoc-chien-thuong-luu/,phim chinh kich,No
Bạn Trai Tôi Là Hồ Ly,https://ohitv.net/phim-bo/ban-trai-toi-la-ho-ly/,phim chinh kich,No
Ngày Tốt – Ngày Xấu,https://ohitv.net/phim-bo/ngay-tot-ngay-xau/,phim chinh kich,No
Gõ Cửa Trái Tim,https://ohitv.net/phim-bo/go-cua-trai-tim/,phim chinh kich,No
Thanh Tra Mẫu Mực,https://ohitv.net/phim-bo/thanh-tra-mau-muc/,phim chinh kich,No
Điên Thì Có Sao,https://ohitv.net/phim-bo/dien-thi-co-sao/,phim chinh kich,No
Những Bác Sĩ Tài Hoa,https://ohitv.net/phim-bo/nhung-bac-si-tai-hoa-hospital-playlist/,phim chinh kich,No
Tầng Lớp Itaewon,https://ohitv.net/phim-bo/tang-lop-itaewon/,phim chinh kich,No
Ramo,https://ohitv.net/phim-bo/ramo/,phim chinh kich,No
Thám Tử Phố Tàu,https://ohitv.net/phim-bo/tham-tu-pho-tau/,phim chinh kich,No
Mộng Hồi,https://ohitv.net/phim-bo/mong-hoi/,phim chinh kich,No
Hạ Cánh Nơi Anh,https://ohitv.net/phim-bo/ha-canh-noi-anh/,phim chinh kich,No
Khánh Dư Niên,https://ohitv.net/phim-bo/khanh-du-nien/,phim chinh kich,No
Cuộc Chiến Không Gian,https://ohitv.net/phim-bo/cuoc-chien-khong-gian-for-all-mankind/,phim chinh kich,No
Khách Sạn Ma Quái,https://ohitv.net/phim-bo/khach-san-ma-quai/,phim chinh kich,No
Cá Mực Hầm Mật,https://ohitv.net/phim-bo/ca-muc-ham-mat/,phim chinh kich,No
Không Một Ai Biết,https://ohitv.net/phim-bo/khong-mot-ai-biet/,phim chinh kich,No
Biên Niên Sử Arthda,https://ohitv.net/phim-bo/bien-nien-su-arthda-arthdal-chronicles/,phim chinh kich,No
Máu Và Cổ Vật,https://ohitv.net/phim-bo/mau-va-co-vat/,phim chinh kich,No
Hercai,https://ohitv.net/phim-bo/hercai/,phim chinh kich,No
Hội Nhẫn,https://ohitv.net/phim-bo/hoi-nhan/,phim chinh kich,No
Vị Khách,https://ohitv.net/phim-bo/vi-khach/,phim chinh kich,No
Lang Quân 100 ngày,https://ohitv.net/phim-bo/lang-quan-100-ngay/,phim chinh kich,No
Hậu Cung Như Ý Truyện,https://ohitv.net/phim-bo/hau-cung-nhu-y-truyen/,phim chinh kich,No
Thiên Thịnh Trường Ca,https://ohitv.net/phim-bo/thien-thinh-truong-ca/,phim chinh kich,No
Diên Hy Công Lược,https://ohitv.net/phim-bo/dien-hy-cong-luoc/,phim chinh kich,No
Đá Vàng,https://ohitv.net/phim-bo/da-vang/,phim chinh kich,No
Tình Yêu Bí Mật,https://ohitv.net/phim-bo/tinh-yeu-bi-mat/,phim chinh kich,No
Biển Đen,https://ohitv.net/phim-bo/bien-den/,phim chinh kich,No
Đời Sống Ngục Tù,https://ohitv.net/phim-bo/doi-song-nguc-tu/,phim chinh kich,No
Tình Yêu Đen Trắng,https://ohitv.net/phim-bo/tinh-yeu-den-trang/,phim chinh kich,No
Ngọc Trai Đen,https://ohitv.net/phim-bo/ngoc-trai-den/,phim chinh kich,No
Đom Đóm,https://ohitv.net/phim-bo/dom-dom/,phim chinh kich,No
Cô Dâu Istanbul,https://ohitv.net/phim-bo/co-dau-istanbul/,phim chinh kich,No
Yêu Tinh,https://ohitv.net/phim-bo/yeu-tinh/,phim chinh kich,No
Anh tôi vô số tội,https://ohitv.net/phim-le/anh-voi-so-toi/,phim chinh kich,No
Người Thầy Y Đức,https://ohitv.net/phim-bo/nguoi-thay-y-duc/,phim chinh kich,No
Hai Thế Giới,https://ohitv.net/phim-bo/hai-the-gioi/,phim chinh kich,No
Yêu Không Lý Do,https://ohitv.net/phim-bo/yeu-khong-ly-do/,phim chinh kich,No
Khúc Ca Hạnh Phúc (Hoan Lạc Tụng),https://ohitv.net/phim-bo/khuc-ca-hanh-phuc/,phim chinh kich,No
Hậu Duệ Mặt Trời,https://ohitv.net/phim-bo/hau-due-mat-troi/,phim chinh kich,No
Tình Yêu Bất Tận,https://ohitv.net/phim-bo/tinh-yeu-bat-tan/,phim chinh kich,No
Vương Triều Cuối Cùng,https://ohitv.net/phim-bo/vuong-trieu-cuoi-cung/,phim chinh kich,No
Ngôi Nhà Hạnh Phúc,https://ohitv.net/phim-bo/ngoi-nha-hanh-phuc/,phim chinh kich,No
Ngây Thơ,https://ohitv.net/phim-le/ngay-tho/,phim chinh kich,No
Godzilla,https://ohitv.net/phim-le/godzilla/,phim chinh kich,No
Tình Yêu Và Tiền Bạc,https://ohitv.net/phim-bo/tinh-yeu-va-tien-bac/,phim chinh kich,No
Bản Cam Kết,https://ohitv.net/phim-le/ban-cam-ket/,phim chinh kich,No
Tiếng Hót Chim Hồng Tước,https://ohitv.net/phim-bo/tieng-hot-chim-hong-tuoc/,phim chinh kich,No
Bóng Ma Anh Quốc,https://ohitv.net/phim-bo/bong-ma-anh-quoc/,phim chinh kich,No
Mặt Trời Của Chàng Joo,https://ohitv.net/phim-bo/mat-troi-cua-chang-joo/,phim chinh kich,No
Chuyến Tàu Băng Giá,https://ohitv.net/phim-le/chuyen-tau-bang-gia/,phim chinh kich,No
Tình Sử Jang Ok Jung,https://ohitv.net/phim-bo/tinh-su-jang-ok-jung/,phim chinh kich,No
Lời hồi đáp 1997,https://ohitv.net/phim-bo/loi-hoi-dap-1997/,phim chinh kich,No
Người Giúp Việc,https://ohitv.net/phim-le/nguoi-giup-viec/,phim chinh kich,No
Trò Chơi Vương Quyền,https://ohitv.net/phim-bo/tro-choi-vuong-quyen/,phim chinh kich,No
3 Chàng Ngốc,https://ohitv.net/phim-le/3-chang-ngoc/,phim chinh kich,No
My Sister’s Keeper,https://ohitv.net/phim-le/my-sisters-keeper/,phim chinh kich,No
Chú Chó Trung Thành,https://ohitv.net/phim-le/chu-cho-trung-thanh/,phim chinh kich,No
The Bucket List,https://ohitv.net/phim-le/the-bucket-list/,phim chinh kich,No
Đảo Hải Tặc 8: Cuộc Chiến Ở Vương Quốc Alabasta,https://ohitv.net/phim-le/dao-hai-tac-8-cuoc-chien-o-vuong-quoc-alabasta/,phim chinh kich,No
Kỹ Nữ Hwang Jin Yi,https://ohitv.net/phim-bo/ky-nu-hwang-jin-yi/,phim chinh kich,No
Vượt Ngục,https://ohitv.net/phim-bo/vuot-nguc/,phim chinh kich,No
"Xuân, Hạ, Thu, Đông… Rồi Lại Xuân",https://ohitv.net/phim-le/xuan-ha-thu-dong-roi-lai-xuan/,phim chinh kich,No
Nàng Dae Jang Geum,https://ohitv.net/phim-bo/nang-dae-jang-geum/,phim chinh kich,No
Dặm Xanh,https://ohitv.net/phim-le/dam-xanh/,phim chinh kich,No
Les Misérables,https://ohitv.net/phim-le/les-miserables/,phim chinh kich,No
Nhà Tù Shawshank,https://ohitv.net/phim-le/nha-tu-shawshank/,phim chinh kich,No
Cuộc Đời Forrest Gump,https://ohitv.net/phim-le/cuoc-doi-forrest-gump/,phim chinh kich,No
Dead Poets Society,https://ohitv.net/phim-le/dead-poets-society/,phim chinh kich,No
Cuốn Theo Chiều Gió,https://ohitv.net/phim-le/cuon-theo-chieu-gio/,phim chinh kich,No
City Hunter,https://ohitv.net/phim-le/city-hunter/,phim hai,No
Sổ Tay Hướng Dẫn Yêu Đương Tiết Kiệm,https://ohitv.net/phim-bo/so-tay-huong-dan-yeu-duong-tiet-kiem/,phim hai,No
Thế Tử Biến Mất Rồi!,https://ohitv.net/phim-bo/missing-crown-prince/,phim hai,No
Cõng Anh Mà Chạy,https://ohitv.net/phim-bo/lovely-runner/,phim hai,No
Bộ Lọc,https://ohitv.net/phim-bo/bo-loc/,phim hai,No
Đoán Xem Tôi Là Ai,https://ohitv.net/phim-bo/doan-xem-toi-la-ai/,phim hai,No
Gà nugget,https://ohitv.net/phim-bo/ga-nugget/,phim hai,No
Kung Fu Panda 4,https://ohitv.net/phim-le/kung-fu-panda-4/,phim hai,Yes
Đừng Rung Động Vì Anh,https://ohitv.net/phim-bo/dung-rung-dong-vi-anh/,phim hai,No
Phi Trì Nhân Sinh,https://ohitv.net/phim-bo/phi-tri-nhan-sinh/,phim hai,No
Nữ Hoàng Nước Mắt,https://ohitv.net/phim-bo/nu-hoang-nuoc-mat/,phim hai,No
Hôn Lễ Bất Khả Thi,https://ohitv.net/phim-bo/hon-le-bat-kha-thi/,phim hai,No
Cay Nóng Hôi Hổi (Nhiệt Lạt Cổn Thang),https://ohitv.net/phim-le/cay-nong-hoi-hoi/,phim hai,No
Nghịch lý kẻ sát nhân,https://ohitv.net/phim-bo/nghich-ly-ke-sat-nhan/,phim hai,No
Thám Tử Đáng Yêu,https://ohitv.net/phim-bo/tham-tu-dang-yeu/,phim hai,No
Argylle: Siêu Điệp Viên,https://ohitv.net/phim-le/argylle-sieu-diep-vien/,phim hai,No
Hỉ Quyển Thường Lạc Thành,https://ohitv.net/phim-bo/hi-quyen-thuong-lac-thanh/,phim hai,No
Không Có Cốt Truyện Cũng Không Sao,https://ohitv.net/phim-bo/khong-co-cot-truyen-cung-khong-sao/,phim hai,No
Nốt Trầm Đời Bác SĨ,https://ohitv.net/phim-bo/not-tram-doi-bac-si/,phim hai,No
Bà Thím Báo Thù,https://ohitv.net/phim-le/ba-thim-bao-thu/,phim hai,Yes
Lâu Rồi Chưa Yêu,https://ohitv.net/phim-bo/lau-roi-chua-yeu/,phim hai,No
Hoa Thanh Ca,https://ohitv.net/phim-bo/hoa-thanh-ca/,phim hai,No
Hoa Nở Về Đêm,https://ohitv.net/phim-bo/hoa-no-ve-dem/,phim hai,No
Lift: Vụ Trộm Trên Không,https://ohitv.net/phim-le/lift-vu-trom-tren-khong/,phim hai,No
Người Phiên Dịch Của Chúng Tôi,https://ohitv.net/phim-bo/nguoi-phien-dich-cua-chung-toi/,phim hai,No
Anh Cũng Có Ngày Này,https://ohitv.net/phim-bo/anh-cung-co-ngay-nay/,phim hai,No
Nhập Vai,https://ohitv.net/phim-le/nhap-vai/,phim hai,No
Tống Từ Thiều Hoa Lục,https://ohitv.net/phim-bo/tong-tu-thieu-hoa-luc/,phim hai,No
Như Hoa Trên Cát,https://ohitv.net/phim-bo/nhu-hoa-tren-cat/,phim hai,No
Thiếu Niên Minh Long,https://ohitv.net/phim-bo/thieu-nien-minh-long/,phim hai,No
Người Yêu Tôi Là Thần Tình Yêu,https://ohitv.net/phim-bo/nguoi-yeu-toi-la-than-tinh-yeu/,phim hai,No
Một Mình Vẫn Ổn’t,https://ohitv.net/phim-le/mot-minh-van-on-t/,phim hai,No
Chàng quỷ của tôi,https://ohitv.net/phim-bo/chang-quy-cua-toi/,phim hai,No
Diva Của Đảo Hoang – Castaway Diva,https://ohitv.net/phim-bo/diva-cua-dao-hoang-castaway-diva/,phim hai,No
Quỷ Lùn Tinh Nghịch 3: Đồng Tâm Hiệp Nhạc,https://ohitv.net/phim-le/quy-lun-tinh-nghich-3-dong-tam-hiep-nhac/,phim hai,No
Mỹ Nhân Đạo Chích,https://ohitv.net/phim-le/my-nhan-dao-chich/,phim hai,No
Ngày Tuyệt Vời Để Trở Thành Cún,https://ohitv.net/phim-bo/ngay-tuyet-voi-de-tro-thanh-cun/,phim hai,No
Cô Nàng Mạnh Mẽ Gang Nam Soon,https://ohitv.net/phim-bo/co-nang-manh-me-gang-nam-soon/,phim hai,No
Yêu Lại Vợ Ngầu,https://ohitv.net/phim-le/yeu-lai-vo-ngau/,phim hai,No
Xin Chào Chúng Tôi Là Hoan Hỉ Thiên Đoàn,https://ohitv.net/phim-bo/xin-chao-chung-toi-la-hoan-hi-thien-doan/,phim hai,No
Hoa Khê Ký,https://ohitv.net/phim-bo/hoa-khe-ky/,phim hai,No
Anh Từng Đến Tương Lai Của Em,https://ohitv.net/phim-bo/anh-tung-den-tuong-lai-cua-em/,phim hai,No
Lương Tâm Kẻ Bắt Cóc,https://ohitv.net/phim-bo/luong-tam-ke-bat-coc/,phim hai,No
Tình Yêu Này Bất Khả Kháng,https://ohitv.net/phim-bo/tinh-yeu-nay-bat-kha-khang/,phim hai,No
Bàn Tay Ma Thuật,https://ohitv.net/phim-bo/ban-tay-ma-thuat/,phim hai,No
Công Tử Mặc Thượng Hương,https://ohitv.net/phim-bo/cong-tu-mac-thuong-huong/,phim hai,No
Đừng Nói Dối Em,https://ohitv.net/phim-bo/dung-noi-doi-em/,phim hai,No
Hội Người Nghiện Gội Đầu,https://ohitv.net/phim-le/hoi-nguoi-nghien-goi-dau/,phim hai,No
Chúa Tể Quỷ Cấp 1 Và Anh Hùng Một Phòng,https://ohitv.net/phim-bo/chua-te-quy-cap-1-va-anh-hung-mot-phong/,phim hai,No
Huynh Đệ Kì Tích,https://ohitv.net/phim-bo/huynh-de-ki-tich/,phim hai,No
Nhịp Đập Trái Tim,https://ohitv.net/phim-bo/nhip-dap-trai-tim/,phim hai,No
Vấp Ngã Đừng Khóc,https://ohitv.net/phim-bo/vap-nga-dung-khoc/,phim hai,No
Khách Sạn Vương Giả,https://ohitv.net/phim-bo/khach-san-vuong-gia/,phim hai,No
Hẹn Gặp Anh Ở Kiếp Thứ 19,https://ohitv.net/phim-bo/hen-gap-anh-o-kiep-thu-19/,phim hai,No
Khi Anh Chạy Về Phía Em,https://ohitv.net/phim-bo/khi-anh-chay-ve-phia-em/,phim hai,No
Bạn Trai Tôi Là Hồ Ly 2,https://ohitv.net/phim-bo/ban-trai-toi-la-ho-ly-2/,phim hai,No
Cơn Mưa Ở Espana,https://ohitv.net/phim-bo/con-mua-o-espana/,phim hai,No
Người Mẹ Tồi Của Tôi,https://ohitv.net/phim-bo/nguoi-me-toi-cua-toi/,phim hai,No
Bác Sĩ Cha,https://ohitv.net/phim-bo/bac-si-cha/,phim hai,No
Đầu Gấu Đụng Đầu Đất,https://ohitv.net/phim-le/dau-gau-dung-dau-dat/,phim hai,No
Đầu Gấu Đụng Đầu Đất,https://ohitv.net/phim-le/dau-gau-dung-dau-dat/,phim hai,No
Taxi Ma Quái,https://ohitv.net/phim-bo/taxi-ma-quai/,phim hai,No
Khóa Học Yêu Cấp Tốc,https://ohitv.net/phim-bo/khoa-hoc-yeu-cap-toc/,phim hai,No
Trạch Quân Ký,https://ohitv.net/phim-bo/trach-quan-ky/,phim hai,No
Bảo Vệ Thành Chủ Đại Nhân Của Ta,https://ohitv.net/phim-bo/bao-ve-thanh-chu-dai-nhan-cua-ta/,phim hai,No
Cú Úp Rổ Đầu Tiên,https://ohitv.net/phim-le/cu-up-ro-dau-tien/,phim hai,No
Wednesday,https://ohitv.net/phim-bo/wednesday/,phim hai,No
Hư Nhan,https://ohitv.net/phim-bo/hu-nhan/,phim hai,No
Bỗng Dưng Trúng Số,https://ohitv.net/phim-le/bong-dung-trung-so/,phim hai,No
Mùa Hè Yêu Dấu Của Chúng Ta,https://ohitv.net/phim-bo/mua-he-yeu-dau-cua-chung-ta/,phim hai,No
Thánh Ăn Đại Đường,https://ohitv.net/phim-bo/thanh-an-dai-duong/,phim hai,No
Tình Yêu Bất Ngờ,https://ohitv.net/phim-bo/tinh-yeu-bat-ngo/,phim hai,No
Chuyện Hòn Đảo,https://ohitv.net/phim-bo/chuyen-hon-dao/,phim hai,No
Chua & Ngọt,https://ohitv.net/phim-le/chua-ngot/,phim hai,No
Vincenzo,https://ohitv.net/phim-bo/vincenzo/,phim hai,No
Chàng Hậu,https://ohitv.net/phim-bo/chang-hau/,phim hai,No
Vẻ Đẹp Đích Thực,https://ohitv.net/phim-bo/ve-dep-dich-thuc/,phim hai,No
Bạn Trai Tôi Là Hồ Ly,https://ohitv.net/phim-bo/ban-trai-toi-la-ho-ly/,phim hai,No
Ngày Tốt – Ngày Xấu,https://ohitv.net/phim-bo/ngay-tot-ngay-xau/,phim hai,No
Gõ Cửa Trái Tim,https://ohitv.net/phim-bo/go-cua-trai-tim/,phim hai,No
Em Là Của Anh,https://ohitv.net/phim-bo/em-la-cua-anh/,phim hai,No
Điên Thì Có Sao,https://ohitv.net/phim-bo/dien-thi-co-sao/,phim hai,No
Những Bác Sĩ Tài Hoa,https://ohitv.net/phim-bo/nhung-bac-si-tai-hoa-hospital-playlist/,phim hai,No
Thám Tử Phố Tàu,https://ohitv.net/phim-bo/tham-tu-pho-tau/,phim hai,No
Hạ Cánh Nơi Anh,https://ohitv.net/phim-bo/ha-canh-noi-anh/,phim hai,No
Khách Sạn Ma Quái,https://ohitv.net/phim-bo/khach-san-ma-quai/,phim hai,No
Bệ Hạ Vạn Tuế,https://ohitv.net/phim-le/be-ha-van-tue/,phim hai,No
Cạm Bẫy Tình Yêu,https://ohitv.net/phim-bo/cam-bay-tinh-yeu/,phim hai,No
Lang Quân 100 ngày,https://ohitv.net/phim-bo/lang-quan-100-ngay/,phim hai,No
Đảo Hải Tặc: Đảo Trên Trời,https://ohitv.net/phim-le/dao-hai-tac-dao-tren-troi/,phim hai,No
Đom Đóm,https://ohitv.net/phim-bo/dom-dom/,phim hai,No
Yêu Tinh,https://ohitv.net/phim-bo/yeu-tinh/,phim hai,No
Anh tôi vô số tội,https://ohitv.net/phim-le/anh-voi-so-toi/,phim hai,No
Đảo Hải Tặc 13: GOLD,https://ohitv.net/phim-le/dao-hai-tac-13-gold/,phim hai,No
Hai Thế Giới,https://ohitv.net/phim-bo/hai-the-gioi/,phim hai,No
Yêu Không Lý Do,https://ohitv.net/phim-bo/yeu-khong-ly-do/,phim hai,No
Kung Fu Panda 3,https://ohitv.net/phim-le/kung-fu-panda-3/,phim hai,No
Lời Hồi Đáp 1988,https://ohitv.net/phim-bo/loi-hoi-dap-1988/,phim hai,No
Tình Yêu Bất Chấp,https://ohitv.net/phim-bo/tinh-yeu-bat-chap/,phim hai,No
Hương Dâu Tây,https://ohitv.net/phim-bo/huong-dau-tay/,phim hai,No
Yêu Thuê,https://ohitv.net/phim-bo/yeu-thue/,phim hai,No
Ngôi Nhà Hạnh Phúc,https://ohitv.net/phim-bo/ngoi-nha-hanh-phuc/,phim hai,No
Ngây Thơ,https://ohitv.net/phim-le/ngay-tho/,phim hai,No
Mùa Anh Đào,https://ohitv.net/phim-bo/mua-anh-dao/,phim hai,No
Lời Hồi Đáp 1994,https://ohitv.net/phim-bo/loi-hoi-dap-1994/,phim hai,No
Mặt Trời Của Chàng Joo,https://ohitv.net/phim-bo/mat-troi-cua-chang-joo/,phim hai,No
Lời hồi đáp 1997,https://ohitv.net/phim-bo/loi-hoi-dap-1997/,phim hai,No
Kung Fu Gấu Trúc 2,https://ohitv.net/phim-le/kung-fu-gau-truc-2/,phim hai,No
3 Chàng Ngốc,https://ohitv.net/phim-le/3-chang-ngoc/,phim hai,No
Kung Fu Gấu Trúc,https://ohitv.net/phim-le/kung-fu-gau-truc/,phim hai,No
"Đảo Hải Tặc 9: Nở Vào Mùa Đông, Hoa Sakura Diệu Kỳ",https://ohitv.net/phim-le/dao-hai-tac-9-no-vao-mua-dong-hoa-sakura-dieu-ky/,phim hai,No
The Bucket List,https://ohitv.net/phim-le/the-bucket-list/,phim hai,No
Đảo Hải Tặc 8: Cuộc Chiến Ở Vương Quốc Alabasta,https://ohitv.net/phim-le/dao-hai-tac-8-cuoc-chien-o-vuong-quoc-alabasta/,phim hai,No
Đảo Hải Tặc 7: Tên Khổng Lồ Trong Lâu Đài Karakuri,https://ohitv.net/phim-le/dao-hai-tac-7-ten-khong-lo-trong-lau-dai-karakuri/,phim hai,No
Đảo Hải Tặc 6: Nam Tước Omatsuri Và Hòn Đảo Bí Mật,https://ohitv.net/phim-le/dao-hai-tac-6-nam-tuoc-omatsuri-va-hon-dao-bi-mat/,phim hai,No
Đảo Hải Tặc 1: Đảo Châu Báu,https://ohitv.net/phim-le/dao-hai-tac-1-dao-chau-bau/,phim hai,No
Đảo Hải Tặc,https://ohitv.net/phim-bo/dao-hai-tac/,phim hai,No
Thám Tử Lừng Danh Conan,https://ohitv.net/phim-bo/tham-tu-lung-danh-conan/,phim hai,No
Cuộc Đời Forrest Gump,https://ohitv.net/phim-le/cuoc-doi-forrest-gump/,phim hai,No
Dead Boy Detectives,https://ohitv.net/phim-bo/dead-boy-detectives/,phim bi an,No
City Hunter,https://ohitv.net/phim-le/city-hunter/,phim bi an,No
Chánh Thanh Tra 1958,https://ohitv.net/phim-bo/chief-detective-1958/,phim bi an,No
Hạo Y Hành,https://ohitv.net/phim-bo/hao-y-hanh/,phim bi an,No
Ly Ca,https://ohitv.net/phim-bo/ly-ca/,phim bi an,No
Mất Tích,https://ohitv.net/phim-bo/mat-tich/,phim bi an,No
Tu Viện Máu,https://ohitv.net/phim-le/tu-vien-mau/,phim bi an,No
Vạch Trần Tội Ác,https://ohitv.net/phim-bo/nothing-uncovered/,phim bi an,No
Gà nugget,https://ohitv.net/phim-bo/ga-nugget/,phim bi an,No
Tứ Trụ Vương: Người Thay Đổi Định Mệnh,https://ohitv.net/phim-bo/tu-tru-vuong-nguoi-thay-doi-dinh-menh/,phim bi an,No
Trường Tương Vật,https://ohitv.net/phim-bo/truong-tuong-vat/,phim bi an,No
Thế Giới Tươi Đẹp,https://ohitv.net/phim-bo/the-gioi-tuoi-dep/,phim bi an,No
Exhuma: Quật Mộ Trùng Ma,https://ohitv.net/phim-le/exhuma-quat-mo-trung-ma/,phim bi an,Yes
Liệp Băng,https://ohitv.net/phim-bo/liep-bang/,phim bi an,No
Khách Sạn Grand Shining,https://ohitv.net/phim-bo/khach-san-grand-shining/,phim bi an,No
Nghịch lý kẻ sát nhân,https://ohitv.net/phim-bo/nghich-ly-ke-sat-nhan/,phim bi an,No
Đại Đường Địch Công Án,https://ohitv.net/phim-bo/dai-duong-dich-cong-an/,phim bi an,No
Trò Chơi Trí Mệnh,https://ohitv.net/phim-bo/tro-choi-tri-menh/,phim bi an,No
A Mạch Tòng Quân,https://ohitv.net/phim-bo/a-mach-tong-quan/,phim bi an,No
Tài Phiệt Và Cảnh Sát,https://ohitv.net/phim-bo/flex-x-cop/,phim bi an,No
Di Sản Kỳ Bí,https://ohitv.net/phim-bo/di-san-ky-bi/,phim bi an,No
Cửa Hàng Sát Thủ,https://ohitv.net/phim-bo/cua-hang-sat-thu/,phim bi an,No
Tầng 19,https://ohitv.net/phim-bo/tang-19/,phim bi an,No
Hoa Thanh Ca,https://ohitv.net/phim-bo/hoa-thanh-ca/,phim bi an,No
Hoa Nở Về Đêm,https://ohitv.net/phim-bo/hoa-no-ve-dem/,phim bi an,No
Đất Đen Tĩnh Lặng,https://ohitv.net/phim-bo/dat-den-tinh-lang/,phim bi an,No
Hướng Về Em,https://ohitv.net/phim-bo/huong-ve-em/,phim bi an,No
Một Chương Hạnh Phúc,https://ohitv.net/phim-bo/mot-chuong-hanh-phuc/,phim bi an,No
Thiên Khởi Dị Văn Lục,https://ohitv.net/phim-bo/thien-khoi-di-van-luc/,phim bi an,No
Tống Từ Thiều Hoa Lục,https://ohitv.net/phim-bo/tong-tu-thieu-hoa-luc/,phim bi an,No
Nhạc Trưởng Maestra: Sợi Dây Chân Lý,https://ohitv.net/phim-bo/nhac-truong-maesra-soi-day-chan-ly/,phim bi an,No
Băng Qua Biển Giận Dữ,https://ohitv.net/phim-le/bang-qua-bien-gian-du/,phim bi an,No
Án mạng nơi Tận cùng Thế giới,https://ohitv.net/phim-bo/an-mang-noi-tan-cung-the-gioi/,phim bi an,No
Ác Nữ,https://ohitv.net/phim-le/ac-nu/,phim bi an,No
Cuộc Chiến Sinh Tồn,https://ohitv.net/phim-bo/cuoc-chien-sinh-ton/,phim bi an,No
Lương Tâm Kẻ Bắt Cóc,https://ohitv.net/phim-bo/luong-tam-ke-bat-coc/,phim bi an,No
Bàn Tay Ma Thuật,https://ohitv.net/phim-bo/ban-tay-ma-thuat/,phim bi an,No
Lá Phiếu Tử Hình,https://ohitv.net/phim-bo/la-phieu-tu-hinh/,phim bi an,No
Đội Thiếu Niên Siêu Đẳng,https://ohitv.net/phim-bo/doi-thieu-nien-sieu-dang/,phim bi an,No
Người Yêu Dấu,https://ohitv.net/phim-bo/nguoi-yeu-dau/,phim bi an,No
Đừng Nói Dối Em,https://ohitv.net/phim-bo/dung-noi-doi-em/,phim bi an,No
Liên Hoa Lâu,https://ohitv.net/phim-bo/lien-hoa-lau/,phim bi an,No
Huynh Đệ Kì Tích,https://ohitv.net/phim-bo/huynh-de-ki-tich/,phim bi an,No
Nhịp Đập Trái Tim,https://ohitv.net/phim-bo/nhip-dap-trai-tim/,phim bi an,No
Ác Quỷ,https://ohitv.net/phim-bo/ac-quy/,phim bi an,No
Lời Nói Dối Sau Vườn Nhà Tôi,https://ohitv.net/phim-bo/loi-noi-doi-sau-vuon-nha-toi/,phim bi an,No
Chị Đại Học Đường,https://ohitv.net/phim-bo/chi-dai-hoc-duong/,phim bi an,No
Vân Tương Truyện,https://ohitv.net/phim-bo/van-tuong-truyen/,phim bi an,No
Nữ Hoàng Mặt Nạ,https://ohitv.net/phim-bo/nu-hoang-mat-na/,phim bi an,No
Trần Phong Thập Tam Tái,https://ohitv.net/phim-bo/tran-phong-thap-tam-tai/,phim bi an,No
Trêu Chọc,https://ohitv.net/phim-bo/treu-choc/,phim bi an,No
Đại Minh Dưới Kính Hiển Vi,https://ohitv.net/phim-bo/dai-minh-duoi-kinh-hien-vi/,phim bi an,No
Dạ Điểu,https://ohitv.net/phim-le/da-dieu/,phim bi an,No
Wednesday,https://ohitv.net/phim-bo/wednesday/,phim bi an,No
Hư Nhan,https://ohitv.net/phim-bo/hu-nhan/,phim bi an,No
Miệng Bự,https://ohitv.net/phim-bo/mieng-bu/,phim bi an,No
Hoàn Hồn,https://ohitv.net/phim-bo/hoan-hon/,phim bi an,No
Phong Khởi Lạc Dương,https://ohitv.net/phim-bo/phong-khoi-lac-duong/,phim bi an,No
Hạnh Phúc: Chung Cư Có Độc,https://ohitv.net/phim-bo/hanh-phuc-chung-cu-co-doc/,phim bi an,No
Trò chơi con mực,https://ohitv.net/phim-bo/tro-choi-con-muc/,phim bi an,No
Nghệ Thuật Săn Quỷ Và Nấu Mì,https://ohitv.net/phim-bo/nghe-thuat-san-quy-va-nau-mi/,phim bi an,No
Cuộc Gọi,https://ohitv.net/phim-le/cuoc-goi/,phim bi an,No
Penthouse: Cuộc Chiến Thượng Lưu,https://ohitv.net/phim-bo/penthouse-cuoc-chien-thuong-luu/,phim bi an,No
Bạn Trai Tôi Là Hồ Ly,https://ohitv.net/phim-bo/ban-trai-toi-la-ho-ly/,phim bi an,No
Thanh Tra Mẫu Mực,https://ohitv.net/phim-bo/thanh-tra-mau-muc/,phim bi an,No
Thám Tử Phố Tàu,https://ohitv.net/phim-bo/tham-tu-pho-tau/,phim bi an,No
Vị Khách,https://ohitv.net/phim-bo/vi-khach/,phim bi an,No
Lang Quân 100 ngày,https://ohitv.net/phim-bo/lang-quan-100-ngay/,phim bi an,No
Đêm Ký Ức,https://ohitv.net/phim-le/dem-ky-uc/,phim bi an,No
Cuộc Chiến Ngầm,https://ohitv.net/phim-le/cuoc-chien-ngam/,phim bi an,No
Tình Yêu Và Tiền Bạc,https://ohitv.net/phim-bo/tinh-yeu-va-tien-bac/,phim bi an,No
Thám Tử Lừng Danh Conan,https://ohitv.net/phim-bo/tham-tu-lung-danh-conan/,phim bi an,No
Monkey Man Báo Thù,https://ohitv.net/phim-le/monkey-man-bao-thu/,phim hinh su,No
Yêu Giữa Đất Trời Đảo Điên,https://ohitv.net/phim-bo/yeu-giua-dat-troi-dao-dien/,phim hinh su,No
Anh Hùng Bàn Phím,https://ohitv.net/phim-le/anh-hung-ban-phim/,phim hinh su,No
Vạch Trần Tội Ác,https://ohitv.net/phim-bo/nothing-uncovered/,phim hinh su,No
Liệp Băng,https://ohitv.net/phim-bo/liep-bang/,phim hinh su,No
Nghịch lý kẻ sát nhân,https://ohitv.net/phim-bo/nghich-ly-ke-sat-nhan/,phim hinh su,No
Nam Lai Bắc Vãng,https://ohitv.net/phim-bo/nam-lai-bac-vang/,phim hinh su,No
Nữ Hoàng Ly Hôn,https://ohitv.net/phim-bo/nu-hoang-ly-hon/,phim hinh su,No
A Mạch Tòng Quân,https://ohitv.net/phim-bo/a-mach-tong-quan/,phim hinh su,No
Tài Phiệt Và Cảnh Sát,https://ohitv.net/phim-bo/flex-x-cop/,phim hinh su,No
Bà Thím Báo Thù,https://ohitv.net/phim-le/ba-thim-bao-thu/,phim hinh su,Yes
Di Sản Kỳ Bí,https://ohitv.net/phim-bo/di-san-ky-bi/,phim hinh su,No
Cửa Hàng Sát Thủ,https://ohitv.net/phim-bo/cua-hang-sat-thu/,phim hinh su,No
Chàng trai nuốt chửng vũ trụ,https://ohitv.net/phim-bo/chang-trai-nuot-chung-vu-tru/,phim hinh su,No
Đất Đen Tĩnh Lặng,https://ohitv.net/phim-bo/dat-den-tinh-lang/,phim hinh su,No
Lift: Vụ Trộm Trên Không,https://ohitv.net/phim-le/lift-vu-trom-tren-khong/,phim hinh su,No
Echo,https://ohitv.net/phim-bo/echo/,phim hinh su,No
Anh em nhà họ Tôn,https://ohitv.net/phim-bo/anh-em-nha-ho-ton/,phim hinh su,No
Berlin,https://ohitv.net/phim-bo/berlin/,phim hinh su,No
Cáo Tinh Ranh,https://ohitv.net/phim-bo/cao-tinh-ranh/,phim hinh su,No
Băng Qua Biển Giận Dữ,https://ohitv.net/phim-le/bang-qua-bien-gian-du/,phim hinh su,No
Giao Dịch Đổi Đời,https://ohitv.net/phim-le/giao-dich-doi-doi/,phim hinh su,No
Án mạng nơi Tận cùng Thế giới,https://ohitv.net/phim-bo/an-mang-noi-tan-cung-the-gioi/,phim hinh su,No
Cảnh Giác,https://ohitv.net/phim-bo/canh-giac/,phim hinh su,No
Ác Nữ,https://ohitv.net/phim-le/ac-nu/,phim hinh su,No
Bánh Quy Ma Thuật,https://ohitv.net/phim-bo/banh-quy-ma-thuat/,phim hinh su,No
Cô Nàng Mạnh Mẽ Gang Nam Soon,https://ohitv.net/phim-bo/co-nang-manh-me-gang-nam-soon/,phim hinh su,No
Tội Ác Kinh Hoàng,https://ohitv.net/phim-bo/toi-ac-kinh-hoang-the-worst-of-evil/,phim hinh su,No
Lương Tâm Kẻ Bắt Cóc,https://ohitv.net/phim-bo/luong-tam-ke-bat-coc/,phim hinh su,No
Người Nào Đó,https://ohitv.net/phim-bo/nguoi-nao-do/,phim hinh su,No
Lựa Chọn,https://ohitv.net/phim-bo/lua-chon/,phim hinh su,No
Lá Phiếu Tử Hình,https://ohitv.net/phim-bo/la-phieu-tu-hinh/,phim hinh su,No
Lời Nói Dối Sau Vườn Nhà Tôi,https://ohitv.net/phim-bo/loi-noi-doi-sau-vuon-nha-toi/,phim hinh su,No
Chó Săn Công Lý,https://ohitv.net/phim-bo/cho-san-cong-ly/,phim hinh su,No
Trần Phong Thập Tam Tái,https://ohitv.net/phim-bo/tran-phong-thap-tam-tai/,phim hinh su,No
Trêu Chọc,https://ohitv.net/phim-bo/treu-choc/,phim hinh su,No
Gia Đình,https://ohitv.net/phim-bo/gia-dinh/,phim hinh su,No
Tôi Là Farah,https://ohitv.net/phim-bo/toi-la-farah/,phim hinh su,No
Chim Mồi,https://ohitv.net/phim-bo/chim-moi-decoy/,phim hinh su,No
Miệng Bự,https://ohitv.net/phim-bo/mieng-bu/,phim hinh su,No
Bác Sĩ Luật Sư,https://ohitv.net/phim-bo/bac-si-luat-su/,phim hinh su,No
Reacher: Phát Súng Cuối Cùng,https://ohitv.net/phim-bo/reacher-phat-sung-cuoi-cung/,phim hinh su,No
Ẩn Danh,https://ohitv.net/phim-bo/an-danh/,phim hinh su,No
Thanh Tra Mẫu Mực,https://ohitv.net/phim-bo/thanh-tra-mau-muc/,phim hinh su,No
Bệ Hạ Vạn Tuế,https://ohitv.net/phim-le/be-ha-van-tue/,phim hinh su,No
Hội Nhẫn,https://ohitv.net/phim-bo/hoi-nhan/,phim hinh su,No
Vị Khách,https://ohitv.net/phim-bo/vi-khach/,phim hinh su,No
Đêm Ký Ức,https://ohitv.net/phim-le/dem-ky-uc/,phim hinh su,No
Cuộc Chiến Ngầm,https://ohitv.net/phim-le/cuoc-chien-ngam/,phim hinh su,No
Tình Yêu Và Tiền Bạc,https://ohitv.net/phim-bo/tinh-yeu-va-tien-bac/,phim hinh su,No
Bóng Ma Anh Quốc,https://ohitv.net/phim-bo/bong-ma-anh-quoc/,phim hinh su,No
Vượt Ngục,https://ohitv.net/phim-bo/vuot-nguc/,phim hinh su,No
Dặm Xanh,https://ohitv.net/phim-le/dam-xanh/,phim hinh su,No
Les Misérables,https://ohitv.net/phim-le/les-miserables/,phim hinh su,No
Nhà Tù Shawshank,https://ohitv.net/phim-le/nha-tu-shawshank/,phim hinh su,No
Thừa Hoan Ký,https://ohitv.net/phim-bo/thua-hoan-ky/,phim gia dinh,No
Vẻ Đẹp Thuần Khiết,https://ohitv.net/phim-bo/ve-dep-thuan-khiet/,phim gia dinh,No
Cô Ấy Rực Rỡ,https://ohitv.net/phim-le/co-ay-ruc-ro/,phim gia dinh,Yes
Cuộc Sống Gia Đình Nhỏ,https://ohitv.net/phim-bo/cuoc-song-gia-dinh-nho/,phim gia dinh,No
Kung Fu Panda 4,https://ohitv.net/phim-le/kung-fu-panda-4/,phim gia dinh,Yes
Ẩn Số Về Chúng Ta,https://ohitv.net/phim-bo/an-so-ve-chung-ta/,phim gia dinh,No
Pháo Hoa Nhân Gia,https://ohitv.net/phim-bo/phao-hoa-nhan-gia/,phim gia dinh,No
Nam Lai Bắc Vãng,https://ohitv.net/phim-bo/nam-lai-bac-vang/,phim gia dinh,No
Thượng Hải Phồn Hoa,https://ohitv.net/phim-bo/thuong-hai-phon-hoa/,phim gia dinh,No
Percy Jackson và Các Vị Thần Trên Đỉnh Olympus,https://ohitv.net/phim-bo/percy-jackson-va-cac-vi-than-tren-dinh-olympus/,phim gia dinh,No
Hồng Nhung,https://ohitv.net/phim-bo/hong-nhung/,phim gia dinh,No
Kỳ Nghỉ Phép 3 Ngày,https://ohitv.net/phim-le/ky-nghi-phep-3-ngay/,phim gia dinh,No
Quỷ Lùn Tinh Nghịch 3: Đồng Tâm Hiệp Nhạc,https://ohitv.net/phim-le/quy-lun-tinh-nghich-3-dong-tam-hiep-nhac/,phim gia dinh,No
Ngọc Bích,https://ohitv.net/phim-bo/ngoc-bich/,phim gia dinh,No
Vấp Ngã Đừng Khóc,https://ohitv.net/phim-bo/vap-nga-dung-khoc/,phim gia dinh,No
Sorbet Nam Việt Quất,https://ohitv.net/phim-bo/sorbet-nam-viet-quat/,phim gia dinh,No
Chim Bói Cá,https://ohitv.net/phim-bo/chim-boi-ca/,phim gia dinh,No
Phản Bội,https://ohitv.net/phim-bo/phan-boi/,phim gia dinh,No
Ba Chị Em,https://ohitv.net/phim-bo/ba-chi-em/,phim gia dinh,No
Đảo Hải Tặc 14: Lễ Hội Hải Tặc,https://ohitv.net/phim-le/dao-hai-tac-14-le-hoi-hai-tac/,phim gia dinh,No
Tuổi Thơ Bá Đạo của Sheldon,https://ohitv.net/phim-bo/tuoi-tho-ba-dao-cua-sheldon/,phim gia dinh,No
Kung Fu Panda 3,https://ohitv.net/phim-le/kung-fu-panda-3/,phim gia dinh,No
Tiếng Hót Chim Hồng Tước,https://ohitv.net/phim-bo/tieng-hot-chim-hong-tuoc/,phim gia dinh,No
Kung Fu Gấu Trúc 2,https://ohitv.net/phim-le/kung-fu-gau-truc-2/,phim gia dinh,No
Chú Chó Trung Thành,https://ohitv.net/phim-le/chu-cho-trung-thanh/,phim gia dinh,No
Kung Fu Gấu Trúc,https://ohitv.net/phim-le/kung-fu-gau-truc/,phim gia dinh,No
City Hunter,https://ohitv.net/phim-le/city-hunter/,phim lang man,No
Tôi Không Nghĩ Về Bất Cứ Điều Gì Khi Tôi Chạy,https://ohitv.net/phim-bo/running-like-a-shooting-star/,phim lang man,No
Tích Hoa Chỉ,https://ohitv.net/phim-bo/tich-hoa-chi/,phim lang man,No
Bộ Lọc,https://ohitv.net/phim-bo/bo-loc/,phim lang man,No
Thanh Xuân 18×2: Lữ Trình Hướng Về Em,https://ohitv.net/phim-le/thanh-xuan-18x2-lu-trinh-huong-ve-em/,phim lang man,No
Dhevaprom Laorchan,https://ohitv.net/phim-bo/dhevaprom-laorchan/,phim lang man,No
"Em, Người Mà Tôi Đã Đánh Mất",https://ohitv.net/phim-le/em-nguoi-toi-da-danh-mat/,phim lang man,No
Người Yêu Mùa Hè Của Tôi,https://ohitv.net/phim-bo/nguoi-yeu-mua-he-cua-toi/,phim lang man,No
Tên tôi là Loh Kiwan,https://ohitv.net/phim-le/ten-toi-la-loh-kiwan/,phim lang man,No
Cạm Bẫy Ngọt Ngào,https://ohitv.net/phim-bo/cam-bay-ngot-ngao/,phim lang man,No
Hoa Thiên Cốt,https://ohitv.net/phim-le/hoa-thien-cot/,phim lang man,No
Nhập Vai,https://ohitv.net/phim-le/nhap-vai/,phim lang man,No
Những Điều Tồi Tệ,https://ohitv.net/phim-le/nhung-dieu-toi-te/,phim lang man,No
Một Mình Vẫn Ổn’t,https://ohitv.net/phim-le/mot-minh-van-on-t/,phim lang man,No
Yêu Lại Vợ Ngầu,https://ohitv.net/phim-le/yeu-lai-vo-ngau/,phim lang man,No
maboroshi,https://ohitv.net/phim-le/maboroshi/,phim lang man,No
Chuyện Tình Chàng Tam Quý,https://ohitv.net/phim-le/chuyen-tinh-chang-tam-quy/,phim lang man,No
Hội Người Nghiện Gội Đầu,https://ohitv.net/phim-le/hoi-nguoi-nghien-goi-dau/,phim lang man,No
Nhật Ký Trao Đổi Bí Mật,https://ohitv.net/phim-le/nhat-ky-trao-doi-bi-mat/,phim lang man,No
Cô Gái Thế Kỷ 20,https://ohitv.net/phim-le/co-gai-the-ky-20/,phim lang man,No
Công Thức Tình Yêu,https://ohitv.net/phim-bo/cong-thuc-tinh-yeu/,phim lang man,No
Chua & Ngọt,https://ohitv.net/phim-le/chua-ngot/,phim lang man,No
Đêm Giao Thừa,https://ohitv.net/phim-le/dem-giao-thua/,phim lang man,No
Tiếng Hót Chim Hồng Tước,https://ohitv.net/phim-bo/tieng-hot-chim-hong-tuoc/,phim lang man,No
Les Misérables,https://ohitv.net/phim-le/les-miserables/,phim lang man,No
Cuộc Đời Forrest Gump,https://ohitv.net/phim-le/cuoc-doi-forrest-gump/,phim lang man,No
Cuốn Theo Chiều Gió,https://ohitv.net/phim-le/cuon-theo-chieu-gio/,phim lang man,No
Rebel Moon – Phần hai: Kẻ khắc vết sẹo,https://ohitv.net/phim-le/rebel-moon-phan-hai-ke-khac-vet-seo/,phim hanh dong,No
Monkey Man Báo Thù,https://ohitv.net/phim-le/monkey-man-bao-thu/,phim hanh dong,No
Godzilla x Kong: Đế Chế Mới,https://ohitv.net/phim-le/godzilla-x-kong-de-che-moi/,phim hanh dong,Yes
Thiếu nữ và ác long,https://ohitv.net/phim-le/thieu-nu-va-ac-long/,phim hanh dong,No
Kung Fu Panda 4,https://ohitv.net/phim-le/kung-fu-panda-4/,phim hanh dong,Yes
Cay Nóng Hôi Hổi (Nhiệt Lạt Cổn Thang),https://ohitv.net/phim-le/cay-nong-hoi-hoi/,phim hanh dong,No
Argylle: Siêu Điệp Viên,https://ohitv.net/phim-le/argylle-sieu-diep-vien/,phim hanh dong,No
Hoa Thiên Cốt,https://ohitv.net/phim-le/hoa-thien-cot/,phim hanh dong,No
Alienoid 2: Đa Chiều Hỗn Chiến,https://ohitv.net/phim-le/alienoid-2-da-chieu-hon-chien/,phim hanh dong,Yes
Lift: Vụ Trộm Trên Không,https://ohitv.net/phim-le/lift-vu-trom-tren-khong/,phim hanh dong,No
Mật Vụ Ong,https://ohitv.net/phim-le/mat-vu-ong/,phim hanh dong,No
Nhập Vai,https://ohitv.net/phim-le/nhap-vai/,phim hanh dong,No
Aquaman và Vương Quốc Thất Lạc,https://ohitv.net/phim-le/aquaman-va-vuong-quoc-that-lac/,phim hanh dong,No
Rebel Moon – Phần một: Người con của lửa,https://ohitv.net/phim-le/rebel-moon-phan-mot-nguoi-con-cua-lua/,phim hanh dong,No
Điệp Vụ Cuối Cùng,https://ohitv.net/phim-le/diep-vu-cuoi-cung/,phim hanh dong,No
Đấu Phá Thương Khung: Thức Tỉnh,https://ohitv.net/phim-le/dau-pha-thuong-khung-thuc-tinh/,phim hanh dong,No
Giao Dịch Đổi Đời,https://ohitv.net/phim-le/giao-dich-doi-doi/,phim hanh dong,No
Biệt Đội Marvel,https://ohitv.net/phim-le/biet-doi-marvel/,phim hanh dong,No
Thiện Ác Đối Đầu 3,https://ohitv.net/phim-le/thien-ac-doi-dau-3/,phim hanh dong,No
Phong Thần: Phần 1 – Phong Vân Triều Ca,https://ohitv.net/phim-le/phong-than-phan-1-phong-van-trieu-ca/,phim hanh dong,No
Đầu Gấu Đụng Đầu Đất,https://ohitv.net/phim-le/dau-gau-dung-dau-dat/,phim hanh dong,No
Đảo Hải Tặc: RED,https://ohitv.net/phim-le/one-piece-film-red/,phim hanh dong,No
Godzilla Đại Chiến Kong,https://ohitv.net/phim-le/godzilla-dai-chien-kong/,phim hanh dong,No
Bán Đảo,https://ohitv.net/phim-le/ban-dao/,phim hanh dong,No
#Sống Sót,https://ohitv.net/phim-le/song-sot/,phim hanh dong,No
Đảo Hải Tặc 14: Lễ Hội Hải Tặc,https://ohitv.net/phim-le/dao-hai-tac-14-le-hoi-hai-tac/,phim hanh dong,No
Sứ Giả Của Chúa,https://ohitv.net/phim-le/su-gia-cua-chua/,phim hanh dong,No
Bệ Hạ Vạn Tuế,https://ohitv.net/phim-le/be-ha-van-tue/,phim hanh dong,No
Chúa Tể Godzilla: Đế Vương Bất Tử,https://ohitv.net/phim-le/chua-te-godzilla-de-vuong-bat-tu/,phim hanh dong,No
Đảo Hải Tặc: Đảo Trên Trời,https://ohitv.net/phim-le/dao-hai-tac-dao-tren-troi/,phim hanh dong,No
Kong: Đảo Đầu Lâu,https://ohitv.net/phim-le/kong-dao-dau-lau/,phim hanh dong,No
Đảo Hải Tặc 13: GOLD,https://ohitv.net/phim-le/dao-hai-tac-13-gold/,phim hanh dong,No
Chuyến Tàu Sinh Tử,https://ohitv.net/phim-le/chuyen-tau-sinh-tu/,phim hanh dong,No
Kung Fu Panda 3,https://ohitv.net/phim-le/kung-fu-panda-3/,phim hanh dong,No
Godzilla,https://ohitv.net/phim-le/godzilla/,phim hanh dong,No
Bản Cam Kết,https://ohitv.net/phim-le/ban-cam-ket/,phim hanh dong,No
Đại Dịch Cúm,https://ohitv.net/phim-le/dai-dich-cum/,phim hanh dong,No
Chuyến Tàu Băng Giá,https://ohitv.net/phim-le/chuyen-tau-bang-gia/,phim hanh dong,No
Kung Fu Gấu Trúc,https://ohitv.net/phim-le/kung-fu-gau-truc/,phim hanh dong,No
"Đảo Hải Tặc 9: Nở Vào Mùa Đông, Hoa Sakura Diệu Kỳ",https://ohitv.net/phim-le/dao-hai-tac-9-no-vao-mua-dong-hoa-sakura-dieu-ky/,phim hanh dong,No
Đảo Hải Tặc 8: Cuộc Chiến Ở Vương Quốc Alabasta,https://ohitv.net/phim-le/dao-hai-tac-8-cuoc-chien-o-vuong-quoc-alabasta/,phim hanh dong,No
Đảo Hải Tặc 7: Tên Khổng Lồ Trong Lâu Đài Karakuri,https://ohitv.net/phim-le/dao-hai-tac-7-ten-khong-lo-trong-lau-dai-karakuri/,phim hanh dong,No
Đảo Hải Tặc 6: Nam Tước Omatsuri Và Hòn Đảo Bí Mật,https://ohitv.net/phim-le/dao-hai-tac-6-nam-tuoc-omatsuri-va-hon-dao-bi-mat/,phim hanh dong,No
Đảo Hải Tặc 5: Lời Nguyền Thành Kiếm,https://ohitv.net/phim-le/dao-hai-tac-5-loi-nguyen-thanh-kiem/,phim hanh dong,No
Đảo Hải Tặc 4: Cuộc Đua Tử Thần,https://ohitv.net/phim-le/dao-hai-tac-4-cuoc-dua-tu-than/,phim hanh dong,No
Đảo Hải Tặc 3: Vương Quốc Chopper Trên Đảo Của Những Sinh Vật Lạ,https://ohitv.net/phim-le/dao-hai-tac-3-vuong-quoc-chopper-tren-dao-cua-nhung-sinh-vat-la/,phim hanh dong,No
Đảo Hải Tặc 2: Cuộc Phiêu Lưu Trên Đảo Đồng Hồ,https://ohitv.net/phim-le/dao-hai-tac-2-cuoc-phieu-luu-tren-dao-dong-ho/,phim hanh dong,No
Đảo Hải Tặc 1: Đảo Châu Báu,https://ohitv.net/phim-le/dao-hai-tac-1-dao-chau-bau/,phim hanh dong,No
Khó Tìm,https://ohitv.net/phim-bo/kho-tim/,phim gia tuong,No
Thiếu nữ và ác long,https://ohitv.net/phim-le/thieu-nu-va-ac-long/,phim gia tuong,No
Hoa Thiên Cốt,https://ohitv.net/phim-le/hoa-thien-cot/,phim gia tuong,No
Alienoid 2: Đa Chiều Hỗn Chiến,https://ohitv.net/phim-le/alienoid-2-da-chieu-hon-chien/,phim gia tuong,Yes
Aquaman và Vương Quốc Thất Lạc,https://ohitv.net/phim-le/aquaman-va-vuong-quoc-that-lac/,phim gia tuong,No
Kỳ Nghỉ Phép 3 Ngày,https://ohitv.net/phim-le/ky-nghi-phep-3-ngay/,phim gia tuong,No
Đấu Phá Thương Khung: Thức Tỉnh,https://ohitv.net/phim-le/dau-pha-thuong-khung-thuc-tinh/,phim gia tuong,No
Quỷ Lùn Tinh Nghịch 3: Đồng Tâm Hiệp Nhạc,https://ohitv.net/phim-le/quy-lun-tinh-nghich-3-dong-tam-hiep-nhac/,phim gia tuong,No
maboroshi,https://ohitv.net/phim-le/maboroshi/,phim gia tuong,No
Chuyện Tình Chàng Tam Quý,https://ohitv.net/phim-le/chuyen-tinh-chang-tam-quy/,phim gia tuong,No
Phong Thần: Phần 1 – Phong Vân Triều Ca,https://ohitv.net/phim-le/phong-than-phan-1-phong-van-trieu-ca/,phim gia tuong,No
Đảo Hải Tặc: RED,https://ohitv.net/phim-le/one-piece-film-red/,phim gia tuong,No
Con Tàu Chiến Thắng,https://ohitv.net/phim-le/con-tau-chien-thang/,phim gia tuong,No
Đảo Hải Tặc 14: Lễ Hội Hải Tặc,https://ohitv.net/phim-le/dao-hai-tac-14-le-hoi-hai-tac/,phim gia tuong,No
Kong: Đảo Đầu Lâu,https://ohitv.net/phim-le/kong-dao-dau-lau/,phim gia tuong,No
Harry Potter và Bảo Bối Tử Thần: Phần 2,https://ohitv.net/phim-le/harry-potter-va-bao-boi-tu-than-phan-2/,phim gia tuong,No
Harry Potter và Bảo Bối Tử Thần: Phần 1,https://ohitv.net/phim-le/harry-potter-va-bao-boi-tu-than-phan-1/,phim gia tuong,No
Đảo Hải Tặc 10: Thế Giới Sức Mạnh,https://ohitv.net/phim-le/dao-hai-tac-10-the-gioi-suc-manh/,phim gia tuong,No
Harry Potter và Hoàng Tử Lai,https://ohitv.net/phim-le/harry-potter-va-hoang-tu-lai/,phim gia tuong,No
Harry Potter và Mệnh Lệnh Phượng Hoàng,https://ohitv.net/phim-le/harry-potter-va-menh-lenh-phuong-hoang/,phim gia tuong,No
Đảo Hải Tặc 7: Tên Khổng Lồ Trong Lâu Đài Karakuri,https://ohitv.net/phim-le/dao-hai-tac-7-ten-khong-lo-trong-lau-dai-karakuri/,phim gia tuong,No
Harry Potter và Chiếc Cốc Lửa,https://ohitv.net/phim-le/harry-potter-va-chiec-coc-lua/,phim gia tuong,No
Harry Potter và Tù Nhân Azkaban,https://ohitv.net/phim-le/harry-potter-va-tu-nhan-azkaban/,phim gia tuong,No
Harry Potter và Căn Phòng Bí Mật,https://ohitv.net/phim-le/harry-potter-va-can-phong-bi-mat/,phim gia tuong,No
Harry Potter và Hòn Đá Phù Thủy,https://ohitv.net/phim-le/harry-potter-va-hon-da-phu-thuy/,phim gia tuong,No
Đảo Hải Tặc 1: Đảo Châu Báu,https://ohitv.net/phim-le/dao-hai-tac-1-dao-chau-bau/,phim gia tuong,No
Dặm Xanh,https://ohitv.net/phim-le/dam-xanh/,phim gia tuong,No
Dead Boy Detectives,https://ohitv.net/phim-bo/dead-boy-detectives/,sci fi fantasy,No
Bạch Nguyệt Phạn Tinh,https://ohitv.net/phim-bo/bach-nguyet-phan-tinh/,sci fi fantasy,No
Khổng Tước Thánh Sứ Xin Hãy Rung Động,https://ohitv.net/phim-bo/khong-tuoc-thanh-su-xin-hay-rung-dong/,sci fi fantasy,No
Loài Thống Trị,https://ohitv.net/phim-bo/blood-free/,sci fi fantasy,No
Cõng Anh Mà Chạy,https://ohitv.net/phim-bo/lovely-runner/,sci fi fantasy,No
Ký sinh thú: Vùng xám,https://ohitv.net/phim-bo/ky-sinh-thu-vung-xam/,sci fi fantasy,No
Gặp Lại Tiêu Dao,https://ohitv.net/phim-bo/gap-lai-tieu-dao/,sci fi fantasy,No
Hồng Y Túy,https://ohitv.net/phim-bo/hong-y-tuy/,sci fi fantasy,No
Tử Dạ Quy,https://ohitv.net/phim-bo/tu-da-quy/,sci fi fantasy,No
Niệm Vô Song,https://ohitv.net/phim-bo/niem-vo-song/,sci fi fantasy,No
Dữ Phượng Hành,https://ohitv.net/phim-bo/du-phuong-hanh/,sci fi fantasy,No
Hồ Yêu Tiểu Hồng Nương Nguyệt Hồng Thiên,https://ohitv.net/phim-bo/ho-yeu-tieu-hong-nuong-nguyet-hong-thien/,sci fi fantasy,No
Gà nugget,https://ohitv.net/phim-bo/ga-nugget/,sci fi fantasy,No
Liệt Diễm Chi Vũ Canh Kỷ,https://ohitv.net/phim-bo/liet-diem-chi-vu-canh-ky/,sci fi fantasy,No
Tiệm Chụp Ảnh Ma Quái,https://ohitv.net/phim-bo/tiem-chup-anh-ma-quai/,sci fi fantasy,No
Thế Thần: Ngự khí sư cuối cùng,https://ohitv.net/phim-bo/the-than-ngu-khi-su-cuoi-cung/,sci fi fantasy,No
Tình Yêu Ngàn Năm,https://ohitv.net/phim-bo/tinh-yeu-ngan-nam/,sci fi fantasy,No
Đôi Mắt Si Tình,https://ohitv.net/phim-bo/doi-mat-si-tinh/,sci fi fantasy,No
Kỳ Kim Triêu,https://ohitv.net/phim-bo/ky-kim-trieu/,sci fi fantasy,No
Tiên Kiếm Kỳ Hiệp 4,https://ohitv.net/phim-bo/tien-kiem-ky-hiep-4/,sci fi fantasy,No
Tầng 19,https://ohitv.net/phim-bo/tang-19/,sci fi fantasy,No
Hoa Thanh Ca,https://ohitv.net/phim-bo/hoa-thanh-ca/,sci fi fantasy,No
Thăng Cấp Một Mình,https://ohitv.net/phim-bo/thang-cap-mot-minh/,sci fi fantasy,No
Tình Ca Ảo Mộng,https://ohitv.net/phim-bo/tinh-ca-ao-mong/,sci fi fantasy,No
Cô Đi Mà Lấy Chồng Tôi,https://ohitv.net/phim-bo/co-di-ma-lay-chong-toi/,sci fi fantasy,No
Sinh Vật Gyeongseong,https://ohitv.net/phim-bo/sinh-vat-gyeongseong/,sci fi fantasy,No
Percy Jackson và Các Vị Thần Trên Đỉnh Olympus,https://ohitv.net/phim-bo/percy-jackson-va-cac-vi-than-tren-dinh-olympus/,sci fi fantasy,No
Trò Chơi Sinh Tử,https://ohitv.net/phim-bo/troi-choi-sinh-tu/,sci fi fantasy,No
Trò Chơi Sống Còn,https://ohitv.net/phim-bo/tro-choi-song-con/,sci fi fantasy,No
Thần Ẩn,https://ohitv.net/phim-bo/than-an/,sci fi fantasy,No
Hợp Đồng Hôn Nhân Của Cô Park,https://ohitv.net/phim-bo/hop-dong-hon-nhan-cua-co-park/,sci fi fantasy,No
Chàng quỷ của tôi,https://ohitv.net/phim-bo/chang-quy-cua-toi/,sci fi fantasy,No
Monarch: Thế Giới Quái Thú,https://ohitv.net/phim-bo/monarch-the-gioi-quai-thu/,sci fi fantasy,No
Trăng Lên Ban Ngày,https://ohitv.net/phim-bo/trang-len-ban-ngay/,sci fi fantasy,No
Bánh Quy Ma Thuật,https://ohitv.net/phim-bo/banh-quy-ma-thuat/,sci fi fantasy,No
Điền Canh Kỷ,https://ohitv.net/phim-bo/dien-canh-ky/,sci fi fantasy,No
Ngày Tuyệt Vời Để Trở Thành Cún,https://ohitv.net/phim-bo/ngay-tuyet-voi-de-tro-thanh-cun/,sci fi fantasy,No
Cô Nàng Mạnh Mẽ Gang Nam Soon,https://ohitv.net/phim-bo/co-nang-manh-me-gang-nam-soon/,sci fi fantasy,No
Ngọt Ngào Và Rực Rỡ,https://ohitv.net/phim-bo/ngot-ngao-va-ruc-ro/,sci fi fantasy,No
Xin Chào Chúng Tôi Là Hoan Hỉ Thiên Đoàn,https://ohitv.net/phim-bo/xin-chao-chung-toi-la-hoan-hi-thien-doan/,sci fi fantasy,No
Hoa Khê Ký,https://ohitv.net/phim-bo/hoa-khe-ky/,sci fi fantasy,No
Tình Yêu Này Bất Khả Kháng,https://ohitv.net/phim-bo/tinh-yeu-nay-bat-kha-khang/,sci fi fantasy,No
Hương Tình Yêu,https://ohitv.net/phim-bo/huong-tinh-yeu/,sci fi fantasy,No
Bàn Tay Ma Thuật,https://ohitv.net/phim-bo/ban-tay-ma-thuat/,sci fi fantasy,No
Bảy Kiếp May Mắn,https://ohitv.net/phim-bo/bay-kiep-may-man/,sci fi fantasy,No
Đừng Nói Dối Em,https://ohitv.net/phim-bo/dung-noi-doi-em/,sci fi fantasy,No
Trường Tương Tư,https://ohitv.net/phim-bo/truong-tuong-tu/,sci fi fantasy,No
Chúa Tể Quỷ Cấp 1 Và Anh Hùng Một Phòng,https://ohitv.net/phim-bo/chua-te-quy-cap-1-va-anh-hung-mot-phong/,sci fi fantasy,No
Huynh Đệ Kì Tích,https://ohitv.net/phim-bo/huynh-de-ki-tich/,sci fi fantasy,No
Nhịp Đập Trái Tim,https://ohitv.net/phim-bo/nhip-dap-trai-tim/,sci fi fantasy,No
Hoa Nhung,https://ohitv.net/phim-bo/hoa-nhung/,sci fi fantasy,No
Hiệp Sĩ Áo Đen,https://ohitv.net/phim-bo/hiep-si-ao-den/,sci fi fantasy,No
Bạn Trai Tôi Là Hồ Ly 2,https://ohitv.net/phim-bo/ban-trai-toi-la-ho-ly-2/,sci fi fantasy,No
Bảo Vệ Thành Chủ Đại Nhân Của Ta,https://ohitv.net/phim-bo/bao-ve-thanh-chu-dai-nhan-cua-ta/,sci fi fantasy,No
Wednesday,https://ohitv.net/phim-bo/wednesday/,sci fi fantasy,No
Cậu Út Nhà Tài Phiệt,https://ohitv.net/phim-bo/cau-ut-nha-tai-phiet/,sci fi fantasy,No
Gia Tộc Rồng,https://ohitv.net/phim-bo/gia-toc-rong/,sci fi fantasy,No
Thương Lan Quyết,https://ohitv.net/phim-bo/thuong-lan-quyet/,sci fi fantasy,No
Trầm Vụn Hương Phai,https://ohitv.net/phim-bo/tram-vun-huong-phai-immortal-samsara/,sci fi fantasy,No
Hoàn Hồn,https://ohitv.net/phim-bo/hoan-hon/,sci fi fantasy,No
Hạnh Phúc: Chung Cư Có Độc,https://ohitv.net/phim-bo/hanh-phuc-chung-cu-co-doc/,sci fi fantasy,No
Nếu Như…?,https://ohitv.net/phim-bo/neu-nhu/,sci fi fantasy,No
Chàng Hậu,https://ohitv.net/phim-bo/chang-hau/,sci fi fantasy,No
Thôn Phệ Tinh Không (Thôn Tính Bầu Trời),https://ohitv.net/phim-bo/thon-phe-tinh-khong/,sci fi fantasy,No
Bạn Trai Tôi Là Hồ Ly,https://ohitv.net/phim-bo/ban-trai-toi-la-ho-ly/,sci fi fantasy,No
Cuộc Chiến Không Gian,https://ohitv.net/phim-bo/cuoc-chien-khong-gian-for-all-mankind/,sci fi fantasy,No
Khách Sạn Ma Quái,https://ohitv.net/phim-bo/khach-san-ma-quai/,sci fi fantasy,No
Yêu Tinh,https://ohitv.net/phim-bo/yeu-tinh/,sci fi fantasy,No
Hai Thế Giới,https://ohitv.net/phim-bo/hai-the-gioi/,sci fi fantasy,No
Mặt Trời Của Chàng Joo,https://ohitv.net/phim-bo/mat-troi-cua-chang-joo/,sci fi fantasy,No
Trò Chơi Vương Quyền,https://ohitv.net/phim-bo/tro-choi-vuong-quyen/,sci fi fantasy,No
Godzilla x Kong: Đế Chế Mới,https://ohitv.net/phim-le/godzilla-x-kong-de-che-moi/,phim phieu luu,Yes
Thiếu nữ và ác long,https://ohitv.net/phim-le/thieu-nu-va-ac-long/,phim phieu luu,No
Kung Fu Panda 4,https://ohitv.net/phim-le/kung-fu-panda-4/,phim phieu luu,Yes
Hành Tinh Cát: Phần Hai,https://ohitv.net/phim-le/hanh-tinh-cat-phan-hai/,phim phieu luu,Yes
Argylle: Siêu Điệp Viên,https://ohitv.net/phim-le/argylle-sieu-diep-vien/,phim phieu luu,No
Alienoid 2: Đa Chiều Hỗn Chiến,https://ohitv.net/phim-le/alienoid-2-da-chieu-hon-chien/,phim phieu luu,Yes
Aquaman và Vương Quốc Thất Lạc,https://ohitv.net/phim-le/aquaman-va-vuong-quoc-that-lac/,phim phieu luu,No
Biệt Đội Marvel,https://ohitv.net/phim-le/biet-doi-marvel/,phim phieu luu,No
Đảo Hải Tặc: RED,https://ohitv.net/phim-le/one-piece-film-red/,phim phieu luu,No
Hành Tinh Cát,https://ohitv.net/phim-le/hanh-tinh-cat/,phim phieu luu,No
Bán Đảo,https://ohitv.net/phim-le/ban-dao/,phim phieu luu,No
#Sống Sót,https://ohitv.net/phim-le/song-sot/,phim phieu luu,No
Đảo Hải Tặc 14: Lễ Hội Hải Tặc,https://ohitv.net/phim-le/dao-hai-tac-14-le-hoi-hai-tac/,phim phieu luu,No
Sứ Giả Của Chúa,https://ohitv.net/phim-le/su-gia-cua-chua/,phim phieu luu,No
Đảo Hải Tặc: Đảo Trên Trời,https://ohitv.net/phim-le/dao-hai-tac-dao-tren-troi/,phim phieu luu,No
Kong: Đảo Đầu Lâu,https://ohitv.net/phim-le/kong-dao-dau-lau/,phim phieu luu,No
Đảo Hải Tặc 13: GOLD,https://ohitv.net/phim-le/dao-hai-tac-13-gold/,phim phieu luu,No
Chuyến Tàu Sinh Tử,https://ohitv.net/phim-le/chuyen-tau-sinh-tu/,phim phieu luu,No
Kung Fu Panda 3,https://ohitv.net/phim-le/kung-fu-panda-3/,phim phieu luu,No
Ngây Thơ,https://ohitv.net/phim-le/ngay-tho/,phim phieu luu,No
Đại Dịch Cúm,https://ohitv.net/phim-le/dai-dich-cum/,phim phieu luu,No
Harry Potter và Bảo Bối Tử Thần: Phần 2,https://ohitv.net/phim-le/harry-potter-va-bao-boi-tu-than-phan-2/,phim phieu luu,No
Đảo Hải Tặc 11: Truy Tìm Mũ Rơm,https://ohitv.net/phim-le/dao-hai-tac-11-truy-tim-mu-rom/,phim phieu luu,No
Harry Potter và Bảo Bối Tử Thần: Phần 1,https://ohitv.net/phim-le/harry-potter-va-bao-boi-tu-than-phan-1/,phim phieu luu,No
Đảo Hải Tặc 10: Thế Giới Sức Mạnh,https://ohitv.net/phim-le/dao-hai-tac-10-the-gioi-suc-manh/,phim phieu luu,No
Harry Potter và Hoàng Tử Lai,https://ohitv.net/phim-le/harry-potter-va-hoang-tu-lai/,phim phieu luu,No
Kung Fu Gấu Trúc,https://ohitv.net/phim-le/kung-fu-gau-truc/,phim phieu luu,No
"Đảo Hải Tặc 9: Nở Vào Mùa Đông, Hoa Sakura Diệu Kỳ",https://ohitv.net/phim-le/dao-hai-tac-9-no-vao-mua-dong-hoa-sakura-dieu-ky/,phim phieu luu,No
Harry Potter và Mệnh Lệnh Phượng Hoàng,https://ohitv.net/phim-le/harry-potter-va-menh-lenh-phuong-hoang/,phim phieu luu,No
Đảo Hải Tặc 8: Cuộc Chiến Ở Vương Quốc Alabasta,https://ohitv.net/phim-le/dao-hai-tac-8-cuoc-chien-o-vuong-quoc-alabasta/,phim phieu luu,No
Đảo Hải Tặc 7: Tên Khổng Lồ Trong Lâu Đài Karakuri,https://ohitv.net/phim-le/dao-hai-tac-7-ten-khong-lo-trong-lau-dai-karakuri/,phim phieu luu,No
Harry Potter và Chiếc Cốc Lửa,https://ohitv.net/phim-le/harry-potter-va-chiec-coc-lua/,phim phieu luu,No
Harry Potter và Tù Nhân Azkaban,https://ohitv.net/phim-le/harry-potter-va-tu-nhan-azkaban/,phim phieu luu,No
Đảo Hải Tặc 5: Lời Nguyền Thành Kiếm,https://ohitv.net/phim-le/dao-hai-tac-5-loi-nguyen-thanh-kiem/,phim phieu luu,No
Đảo Hải Tặc 4: Cuộc Đua Tử Thần,https://ohitv.net/phim-le/dao-hai-tac-4-cuoc-dua-tu-than/,phim phieu luu,No
Harry Potter và Căn Phòng Bí Mật,https://ohitv.net/phim-le/harry-potter-va-can-phong-bi-mat/,phim phieu luu,No
Đảo Hải Tặc 3: Vương Quốc Chopper Trên Đảo Của Những Sinh Vật Lạ,https://ohitv.net/phim-le/dao-hai-tac-3-vuong-quoc-chopper-tren-dao-cua-nhung-sinh-vat-la/,phim phieu luu,No
Harry Potter và Hòn Đá Phù Thủy,https://ohitv.net/phim-le/harry-potter-va-hon-da-phu-thuy/,phim phieu luu,No
Đảo Hải Tặc 2: Cuộc Phiêu Lưu Trên Đảo Đồng Hồ,https://ohitv.net/phim-le/dao-hai-tac-2-cuoc-phieu-luu-tren-dao-dong-ho/,phim phieu luu,No
Đảo Hải Tặc 1: Đảo Châu Báu,https://ohitv.net/phim-le/dao-hai-tac-1-dao-chau-bau/,phim phieu luu,No
Kung Fu Panda 4,https://ohitv.net/phim-le/kung-fu-panda-4/,phim hoat hinh,Yes
Vương Giả Vinh Diệu – Vinh Diệu Chi Chương: Thành Toái Nguyệt,https://ohitv.net/phim-bo/vuong-gia-vinh-dieu-vinh-dieu-chi-chuong-thanh-toai-nguyet/,phim hoat hinh,No
Thăng Cấp Một Mình,https://ohitv.net/phim-bo/thang-cap-mot-minh/,phim hoat hinh,No
Trò Chơi Sống Còn,https://ohitv.net/phim-bo/tro-choi-song-con/,phim hoat hinh,No
Quỷ Lùn Tinh Nghịch 3: Đồng Tâm Hiệp Nhạc,https://ohitv.net/phim-le/quy-lun-tinh-nghich-3-dong-tam-hiep-nhac/,phim hoat hinh,No
Nghịch Thiên Tà Thần,https://ohitv.net/phim-bo/nghich-thien-ta-than/,phim hoat hinh,No
maboroshi,https://ohitv.net/phim-le/maboroshi/,phim hoat hinh,No
Chúa Tể Quỷ Cấp 1 Và Anh Hùng Một Phòng,https://ohitv.net/phim-bo/chua-te-quy-cap-1-va-anh-hung-mot-phong/,phim hoat hinh,No
Đại Chúa Tể 3D,https://ohitv.net/phim-bo/dai-chua-te-3d/,phim hoat hinh,No
Cú Úp Rổ Đầu Tiên,https://ohitv.net/phim-le/cu-up-ro-dau-tien/,phim hoat hinh,No
Đảo Hải Tặc: RED,https://ohitv.net/phim-le/one-piece-film-red/,phim hoat hinh,No
Nếu Như…?,https://ohitv.net/phim-bo/neu-nhu/,phim hoat hinh,No
Thôn Phệ Tinh Không (Thôn Tính Bầu Trời),https://ohitv.net/phim-bo/thon-phe-tinh-khong/,phim hoat hinh,No
Đảo Hải Tặc 14: Lễ Hội Hải Tặc,https://ohitv.net/phim-le/dao-hai-tac-14-le-hoi-hai-tac/,phim hoat hinh,No
Đảo Hải Tặc: Đảo Trên Trời,https://ohitv.net/phim-le/dao-hai-tac-dao-tren-troi/,phim hoat hinh,No
Đảo Hải Tặc 13: GOLD,https://ohitv.net/phim-le/dao-hai-tac-13-gold/,phim hoat hinh,No
Đảo Hải Tặc: GOLD,https://ohitv.net/phim-le/dao-hai-tac-gold/,phim hoat hinh,No
Kung Fu Panda 3,https://ohitv.net/phim-le/kung-fu-panda-3/,phim hoat hinh,No
Kung Fu Gấu Trúc 2,https://ohitv.net/phim-le/kung-fu-gau-truc-2/,phim hoat hinh,No
Đảo Hải Tặc 11: Truy Tìm Mũ Rơm,https://ohitv.net/phim-le/dao-hai-tac-11-truy-tim-mu-rom/,phim hoat hinh,No
Đảo Hải Tặc 10: Thế Giới Sức Mạnh,https://ohitv.net/phim-le/dao-hai-tac-10-the-gioi-suc-manh/,phim hoat hinh,No
Kung Fu Gấu Trúc,https://ohitv.net/phim-le/kung-fu-gau-truc/,phim hoat hinh,No
"Đảo Hải Tặc 9: Nở Vào Mùa Đông, Hoa Sakura Diệu Kỳ",https://ohitv.net/phim-le/dao-hai-tac-9-no-vao-mua-dong-hoa-sakura-dieu-ky/,phim hoat hinh,No
Đảo Hải Tặc 8: Cuộc Chiến Ở Vương Quốc Alabasta,https://ohitv.net/phim-le/dao-hai-tac-8-cuoc-chien-o-vuong-quoc-alabasta/,phim hoat hinh,No
Đảo Hải Tặc 7: Tên Khổng Lồ Trong Lâu Đài Karakuri,https://ohitv.net/phim-le/dao-hai-tac-7-ten-khong-lo-trong-lau-dai-karakuri/,phim hoat hinh,No
Đảo Hải Tặc 6: Nam Tước Omatsuri Và Hòn Đảo Bí Mật,https://ohitv.net/phim-le/dao-hai-tac-6-nam-tuoc-omatsuri-va-hon-dao-bi-mat/,phim hoat hinh,No
Đảo Hải Tặc 5: Lời Nguyền Thành Kiếm,https://ohitv.net/phim-le/dao-hai-tac-5-loi-nguyen-thanh-kiem/,phim hoat hinh,No
Đảo Hải Tặc 4: Cuộc Đua Tử Thần,https://ohitv.net/phim-le/dao-hai-tac-4-cuoc-dua-tu-than/,phim hoat hinh,No
Đảo Hải Tặc 3: Vương Quốc Chopper Trên Đảo Của Những Sinh Vật Lạ,https://ohitv.net/phim-le/dao-hai-tac-3-vuong-quoc-chopper-tren-dao-cua-nhung-sinh-vat-la/,phim hoat hinh,No
Đảo Hải Tặc 2: Cuộc Phiêu Lưu Trên Đảo Đồng Hồ,https://ohitv.net/phim-le/dao-hai-tac-2-cuoc-phieu-luu-tren-dao-dong-ho/,phim hoat hinh,No
Đảo Hải Tặc 1: Đảo Châu Báu,https://ohitv.net/phim-le/dao-hai-tac-1-dao-chau-bau/,phim hoat hinh,No
Đảo Hải Tặc,https://ohitv.net/phim-bo/dao-hai-tac/,phim hoat hinh,No
Thám Tử Lừng Danh Conan,https://ohitv.net/phim-bo/tham-tu-lung-danh-conan/,phim hoat hinh,No
